MW,#Heavy atoms,#Aromatic heavy atoms,Fraction Csp3,#Rotatable bonds,#H-bond acceptors,#H-bond do0rs,MR,TPSA,iLOGP,XLOGP3,WLOGP,MLOGP,Silicos-IT Log P,Consensus Log P,ESOL Log S,ESOL Solubility (mg/ml),ESOL Solubility (mol/l),ESOL Class,Ali Log S,Ali Solubility (mg/ml),Ali Solubility (mol/l),Ali Class,Silicos-IT LogSw,Silicos-IT Solubility (mg/ml),Silicos-IT Solubility (mol/l),Silicos-IT class,GI absorption,BBB permeant,Pgp substrate,CYP2C19 inhibitor,CYP2C9 inhibitor,CYP2D6 inhibitor,CYP3A4 inhibitor,log Kp (cm/s),Lipinski #violations,Ghose #violations,Veber #violations,Egan #violations,Muegge #violations,Bioavailability Score,PAINS #alerts,Brenk #alerts,Leadlikeness #violations,Synthetic Accessibility
1.5253054687164411,1.6054738937170847,-0.21728540055102835,0.9854524382949247,0.9004219892376706,1.0990614389157813,-0.7300490312957046,1.533830405746548,0.4636711056187025,0.9107074727352247,0.3566809893314083,-0.20217078463873195,-0.01201755588513861,-0.4701020260339471,0.214028694087196,-0.8934855777026238,-0.11945028081431656,-0.10983506417324376,-0.42601155976875066,-0.7251472746585822,-0.10576428422303338,-0.1038947181967627,-0.8662236469835065,-0.7080055870568518,-0.20496278664982368,-0.22999317033204505,0.375990754698899,-0.5902921612902812,-0.14510328920809168,1.0590220855949029,-0.31995419930854546,-0.20742555849952668,-0.10206207261596575,-0.42808430576173445,-0.3214770536418152,1.5692792592301656,1.7436511432123618,0.26635981735799646,0.5103103630798289,0.023298762363375074,-0.7073992949989266,-0.14510328920809168,0.7910294527142046,0.8264090258063934,1.775178922008731
0.2566979878176059,0.023076626809074956,-0.4780278812122625,0.7610964681534714,0.9004219892376706,0.6648643272453493,-0.7300490312957046,-0.02518731054970328,0.8452203628959012,0.02021249530811262,-0.32479322437143715,-0.6106032236984447,-0.18188533968488935,-0.6540453803184324,-0.40499288232258535,0.3072498809607332,-0.11612798094177404,-0.10849597113405662,1.0886962082979184,-0.2817791435597806,-0.10575880099105062,-0.10389241467066125,0.3389570792544156,0.4017724741889033,-0.17965539151402443,-0.2054135583278623,0.375990754698899,-0.5902921612902812,-0.14510328920809168,1.0590220855949029,-0.31995419930854546,-0.20742555849952668,-0.10206207261596575,-0.42808430576173445,-0.41747020185212314,0.4014435314309726,-0.037098960493880104,0.26635981735799646,0.5103103630798289,0.023298762363375074,-0.9795849956798764,-0.14510328920809168,-0.06221579965167908,0.8264090258063934,0.3189015615053617
0.1532559419455661,0.3395560801906769,-0.21728540055102835,0.16281388110959633,0.13206189175485836,-0.6377270077659473,0.9587390892919492,0.519769684056706,-0.24269945260882958,0.10266573395877121,0.03757798450229812,-0.814819443228301,0.398496254964259,-0.746017057460675,-0.20658853090919388,-0.09039627742778099,-0.11852684653297323,-0.10944719698097125,-0.42601155976875066,0.08146221685851465,-0.10573341065576092,-0.10388201008848029,0.3389570792544156,-0.2640943625585498,-0.20288029527887427,-0.22771825122046438,0.375990754698899,-0.5902921612902812,-0.14510328920809168,1.0590220855949029,-0.31995419930854546,-0.20742555849952668,-0.10206207261596575,-0.42808430576173445,-0.05406756934166899,0.4014435314309726,-0.037098960493880104,0.26635981735799646,0.5103103630798289,0.023298762363375074,-0.9795849956798764,-0.14510328920809168,-0.9154610520175628,0.8264090258063934,-0.05743977884944246
0.3497340111467419,0.3395560801906769,-0.4780278812122625,0.7610964681534714,0.13206189175485836,-0.20352989609551508,-0.7300490312957046,0.6197773440311325,0.2556134698776034,-3.0470479824963843,-0.38428700493279666,-1.3332144620348592,-3.013015069680735,-1.3261460978963595,-2.238249089382322,0.22148306248477923,-0.11685537889523444,-0.10880657549223284,1.0886962082979184,0.1776143416751223,-0.10571527470198257,-0.10387542858533327,0.3389570792544156,-0.4430908240498006,-0.20414529003721807,-0.22904034849973973,0.375990754698899,-0.5902921612902812,-0.14510328920809168,-0.9344312519955026,-0.31995419930854546,-0.20742555849952668,-0.10206207261596575,-0.42808430576173445,-0.5134633500624323,0.4014435314309726,0.8532760913592409,0.26635981735799646,0.5103103630798289,0.023298762363375074,1.0164434759804213,-0.14510328920809168,1.6442747050800883,0.8264090258063934,0.6134295670004248
-1.0016065004644923,-0.9263617333357309,-1.781740284518433,0.08802855772911188,-1.02047825446936,-1.0719241194363793,0.11434502899812227,-0.7998229140804313,-0.8285024301882998,0.2400877983765354,0.24310195371426738,0.23767953434865088,0.3135623630643837,-0.1729627614205477,0.214028694087196,0.22148306248477923,-0.11759825340089612,-0.10880657549223284,1.0886962082979184,0.2684246817796961,-0.10571115874084137,-0.1038658466910457,0.3389570792544156,1.046159735557406,-0.04990592914634882,-0.026702477818919552,0.375990754698899,1.6764297380643982,-0.14510328920809168,-0.9344312519955026,-0.31995419930854546,-0.20742555849952668,-0.10206207261596575,-0.42808430576173445,0.6041711612433059,-0.7663921963682204,-0.9274740123470011,-1.2377897394871595,0.5103103630798289,-1.0950418310786265,1.0164434759804213,-0.14510328920809168,-0.06221579965167908,-2.0069933483869558,0.20436289270172542
-0.6820076694933079,-0.6098822799541289,-0.21728540055102835,0.31238452787056475,-0.6362982057279538,-0.6377270077659473,-0.7300490312957046,-0.5917561299810947,-0.9535354767862896,0.5149319272120637,0.659558417643784,0.7089477332637039,0.4975857955141137,0.5062127005529365,0.7060714855924067,-0.3866816503447135,-0.11921864841637067,-0.1096985923833701,-0.42601155976875066,-0.0734495397904642,-0.10575206110468191,-0.10388842221470809,0.3389570792544156,-0.3858119563726003,-0.20423028968501192,-0.22870982417992086,0.375990754698899,1.6764297380643982,-0.14510328920809168,1.0590220855949029,-0.31995419930854546,-0.20742555849952668,-0.10206207261596575,-0.42808430576173445,0.851010685212671,-0.7663921963682204,-0.9274740123470011,-1.2377897394871595,-1.9391793797033494,-1.0950418310786265,1.0618077594272464,-0.14510328920809168,-0.9154610520175628,-0.5902921612902812,-1.0391997971663205
-1.1054606660412016,-1.084601460026532,-1.781740284518433,0.23759920449008076,-0.25211815698654777,-0.20352989609551508,-0.7300490312957046,-1.351983850295168,-0.4304144101335892,-0.18317216003017833,-0.24366534178776508,-0.6655845135718674,-0.7622669343340377,-0.42057881526504715,-0.5319716672271559,0.8140538083186437,-0.10848256415433925,-0.10373013551329056,1.0886962082979184,0.4981214243971473,-0.10562408043794815,-0.10381648541744308,0.3389570792544156,1.0819590278556563,-0.03665598404907172,-0.002767958107900415,0.375990754698899,-0.5902921612902812,-0.14510328920809168,-0.9344312519955026,-0.31995419930854546,-0.20742555849952668,-0.10206207261596575,-0.42808430576173445,0.2064852615148839,-0.7663921963682204,-0.037098960493880104,0.26635981735799646,0.5103103630798289,0.023298762363375074,-0.9795849956798764,-0.14510328920809168,-0.9154610520175628,-2.0069933483869558,-0.6137704558956735
-1.0016065004644923,-0.9263617333357309,-0.21728540055102835,0.08802855772911188,-1.02047825446936,-1.0719241194363793,0.11434502899812227,-0.8328762932245214,-0.8285024301882998,0.009218730154691475,-0.6114450761670784,-0.04508138500038097,0.3135623630643837,-0.03854261790496229,-0.1272267903438373,0.8530387258077138,-0.1067801434121979,-0.10299245016262208,1.0886962082979184,1.1444773745532317,-0.10338602656742793,-0.10261753879635985,1.5441378054923378,0.0008204004485014559,-0.2005303050163383,-0.22370636982128403,0.375990754698899,-0.5902921612902812,-0.14510328920809168,-0.9344312519955026,-0.31995419930854546,-0.20742555849952668,-0.10206207261596575,-0.42808430576173445,-0.1637740244391648,-0.7663921963682204,-0.9274740123470011,-1.2377897394871595,0.5103103630798289,-1.0950418310786265,1.0164434759804213,-0.14510328920809168,-0.9154610520175628,-2.0069933483869558,-0.9082984613907366
0.07041988130699986,0.023076626809074956,-0.4780278812122625,-1.3328925865000911,0.5162419404962645,0.6648643272453493,0.9587390892919492,-0.09765048790405507,0.8257046228184376,-0.28211604641096855,-0.36806142841606226,-0.46136829404201113,-0.9746016640837262,0.03220482605060899,-0.5002269710010132,0.38521971593887333,-0.11543669494344998,-0.1081562476173014,1.0886962082979184,-0.2230195117274092,-0.10575721891848697,-0.10389166457287612,0.3389570792544156,1.046159735557406,-0.0024061259674309507,-0.026702477818919552,0.375990754698899,-0.5902921612902812,-0.14510328920809168,-0.9344312519955026,-0.31995419930854546,-0.20742555849952668,-0.10206207261596575,-0.42808430576173445,-0.38318693463415643,0.4014435314309726,-0.037098960493880104,0.26635981735799646,0.5103103630798289,0.023298762363375074,-0.9795849956798764,-0.14510328920809168,0.7910294527142046,0.8264090258063934,0.15527489178588108
-2.1984021228246697,-2.3505192735529397,-1.781740284518433,2.4063735825241275,-2.5571984494349844,-1.0719241194363793,-1.5744430915895316,-2.461390857977578,-1.4553215394559997,-0.33708487217807426,-0.5465427701001409,0.182698244475228,-0.2951305288847232,-0.7106433354828893,-0.4526099266617992,1.297466785183112,-0.08820828077065586,-0.0845406100097172,1.0886962082979184,1.502376950259493,-0.09833111179090814,-0.09789434242026605,1.5441378054923378,1.5115505354346581,0.26159278012171244,0.6856344183423637,0.375990754698899,1.6764297380643982,-0.14510328920809168,-0.9344312519955026,-0.31995419930854546,-0.20742555849952668,-0.10206207261596575,-0.42808430576173445,0.377901597604721,-0.7663921963682204,-0.9274740123470011,-1.2377897394871595,-1.9391793797033494,-1.0950418310786265,1.0618077594272464,-0.14510328920809168,-0.9154610520175628,-0.5902921612902812,-1.4319038044930723
-0.9914065377739224,-0.9263617333357309,-0.21728540055102835,0.08802855772911188,-0.6362982057279538,-1.0719241194363793,-0.7300490312957046,-0.882880123211735,-1.1061882572227242,0.33353480218061504,1.130100136629082,0.5125859837157651,0.5046636198391034,0.35764306824623676,0.721943833705478,-0.6829670232616457,-0.11943635191733541,-0.10980031531067282,-0.42601155976875066,-0.4527162543448604,-0.10576312275024885,-0.10389381324007997,-0.8662236469835065,-0.3285330886954,-0.2040152905758863,-0.22825392856637766,0.375990754698899,1.6764297380643982,-0.14510328920809168,-0.9344312519955026,-0.31995419930854546,-0.20742555849952668,-0.10206207261596575,-0.42808430576173445,1.3995429607001495,-0.7663921963682204,-0.9274740123470011,-1.2377897394871595,-1.9391793797033494,-1.0950418310786265,1.0618077594272464,-0.14510328920809168,-0.9154610520175628,-0.5902921612902812,-1.0228371301943728
1.2784457656194217,1.6054738937170847,1.3471694834163763,0.16281388110959633,1.6687820867204828,-0.20352989609551508,0.11434502899812227,1.9787797403785308,-0.3399473777405993,2.0155808706540483,0.7623204022497686,2.03635316020777,1.3893916604628052,0.6760065660463076,1.6742847204897573,-1.135192066134858,-0.11951476644848859,-0.10985476813721558,-0.42601155976875066,-0.5916026568577384,-0.10576341858495587,-0.10389441573797838,-0.8662236469835065,-0.5218492671059508,-0.2042477896124989,-0.22939366760023572,0.375990754698899,-0.5902921612902812,-0.14510328920809168,1.0590220855949029,-0.31995419930854546,-0.20742555849952668,-0.10206207261596575,-0.42808430576173445,0.14477538052254266,0.4014435314309726,1.7436511432123618,1.7705093742031526,0.5103103630798289,0.023298762363375074,1.0164434759804213,-0.14510328920809168,-0.06221579965167908,0.8264090258063934,1.0224962412991243
-0.4138207716796424,-0.29340282657252703,-0.21728540055102835,0.31238452787056475,0.5162419404962645,-0.6377270077659473,-1.5744430915895316,-0.30232718183476703,-1.0057979671632271,0.7128196999736442,1.157142764156973,0.6225485634626109,1.0638117415132828,0.9872953194508212,1.1266887105887966,-0.7999217757288557,-0.11946214617100422,-0.10982244587119286,-0.42601155976875066,-0.5488683791614682,-0.10576368869490577,-0.10389425603974023,-0.8662236469835065,-1.0516787931200533,-0.2056920336281021,-0.23047641968240087,0.375990754698899,1.6764297380643982,-0.14510328920809168,-0.9344312519955026,3.092890593315939,-0.20742555849952668,-0.10206207261596575,2.311655251113366,1.1869867039487518,-0.7663921963682204,-0.9274740123470011,-1.2377897394871595,-1.9391793797033494,-1.0950418310786265,1.0164434759804213,-0.14510328920809168,0.7910294527142046,0.8264090258063934,-0.38469311828840086
-0.13708238999408456,-0.451642553263328,-0.21728540055102835,0.31238452787056475,-0.6362982057279538,-1.0719241194363793,-0.7300490312957046,-0.2730876541303797,-1.1061882572227242,0.5918882832860117,1.4546116669637703,1.5258126113831292,1.1982904036880855,1.4400789607664775,1.4917527171894371,-1.3613045875714644,-0.11955118793466894,-0.10986437745954664,-0.42601155976875066,-0.7839069064909532,-0.10576484630897673,-0.10389481256390341,-0.8662236469835065,-1.1805562453937537,-0.20575578336394748,-0.23055848089283865,0.375990754698899,1.6764297380643982,-0.14510328920809168,1.0590220855949029,3.092890593315939,-0.20742555849952668,-0.10206207261596575,2.311655251113366,1.3446897331514016,-0.7663921963682204,-0.9274740123470011,-1.2377897394871595,-1.9391793797033494,-1.0950418310786265,1.0618077594272464,-0.14510328920809168,-0.9154610520175628,-0.5902921612902812,-0.6464957898395687
3.148541955483367,3.1878711606250945,1.0864270027551421,0.013243234348627436,2.821322232944701,1.9674556622566457,2.647527209879603,3.2733704235220618,2.0229456602825215,-1.4694426829804514,-0.9035054534682979,-0.47707723400584623,-3.0413263669806936,-0.8733624565807032,-1.6668445573117552,-0.29311784837094534,-0.1186506589505835,-0.10964423662068927,-0.42601155976875066,-0.4901087473290968,-0.10576111621919253,-0.10389401165304249,-0.8662236469835065,-1.767664639085056,-0.20586628290607947,-0.23069217228151018,-2.6319352828922926,-0.5902921612902812,-0.14510328920809168,-0.9344312519955026,-0.31995419930854546,-0.20742555849952668,-0.10206207261596575,2.311655251113366,-2.111063602419714,2.7371149870293587,2.6340261950654824,1.7705093742031526,0.5103103630798289,3.37832054268938,-0.9795849956798764,6.819854592780309,2.497519957445972,0.8264090258063934,2.233333597223275
0.4939759077810609,0.8142752602630798,1.3471694834163763,-0.36068338255379434,0.13206189175485836,-0.6377270077659473,-0.7300490312957046,0.9020023505691328,-0.8238715766105964,1.0646201848831205,2.0387324215662095,1.9263905804609243,1.8777615388870883,2.0555817231799476,2.1742636860515034,-2.1565969043484925,-0.1195715808716195,-0.10987332286506213,-1.9407193278354196,-1.5744910438719488,-0.10576553933393387,-0.10389511432098336,-2.0714043732214287,-2.3332934573974087,-0.20590110776177856,-0.23071192395896695,-2.6319352828922926,1.6764297380643982,-0.14510328920809168,1.0590220855949029,-0.31995419930854546,4.770787845489114,-0.10206207261596575,2.311655251113366,1.6120992174515478,-0.7663921963682204,0.8532760913592409,-1.2377897394871595,0.5103103630798289,-1.0950418310786265,1.0618077594272464,-0.14510328920809168,0.7910294527142046,2.243110212903068,0.43344023030899803
-0.46543876468949497,-0.29340282657252703,1.0864270027551421,-0.4354687059342788,-1.02047825446936,-0.6377270077659473,-0.7300490312957046,-0.2747826992146917,-0.8283370425605249,0.6028820484394328,1.286947376290848,1.4472679115639535,0.8868661333885425,1.079266996593064,1.2774760176629743,-1.2053649176151842,-0.11954040593663538,-0.10985845656396892,-0.42601155976875066,-0.7999322606270546,-0.10576494534929169,-0.10389483434093588,-0.8662236469835065,-1.4454710084008053,-0.20584578299102335,-0.23064817835480325,-2.6319352828922926,1.6764297380643982,-0.14510328920809168,1.0590220855949029,-0.31995419930854546,-0.20742555849952668,-0.10206207261596575,-0.42808430576173445,1.3241197728206215,-0.7663921963682204,-0.9274740123470011,-1.2377897394871595,0.5103103630798289,-1.0950418310786265,1.0618077594272464,-0.14510328920809168,-0.9154610520175628,-0.5902921612902812,-0.2865171164567136
2.4527808640751116,2.080193073789488,2.390139406061313,-1.1833219397391224,1.6687820867204828,1.9674556622566457,0.9587390892919492,2.1042130766176426,2.513981527146849,-3.6517050659345465,0.8921250143836439,-0.28071548445790745,-1.5549832587328745,0.11002701440173739,-1.1827379398630797,-1.8447175644359328,-0.11956537477418679,-0.10987188049607384,-1.9407193278354196,-2.6642151251268347,-0.10576556625617846,-0.10389512460627578,-2.0714043732214287,-0.6793661532182517,-0.2047177876650061,-0.22992592572904744,0.375990754698899,-0.5902921612902812,-0.14510328920809168,1.0590220855949029,-0.31995419930854546,-0.20742555849952668,-0.10206207261596575,-0.42808430576173445,-0.21862725198791272,1.5692792592301656,1.7436511432123618,1.7705093742031526,0.5103103630798289,2.2599799492473784,-0.9795849956798764,-0.14510328920809168,2.497519957445972,0.8264090258063934,1.6933655871489917
-0.6513047514954319,-0.7681220066449299,-0.4780278812122625,-0.884180646217185,-0.6362982057279538,-0.20352989609551508,0.11434502899812227,-0.7638032060387948,0.20880877121724464,0.0861750862286395,0.026760933491141836,-0.46922276402392865,-0.9179790694838091,-0.13051429504720494,-0.3018226195876218,0.19029512849352315,-0.11759825340089612,-0.10890460999278219,-0.42601155976875066,-0.21233594230334166,-0.10575808069785089,-0.10389144680255138,0.3389570792544156,1.046159735557406,-0.03665598404907172,-0.02898195588663566,0.375990754698899,-0.5902921612902812,-0.14510328920809168,-0.9344312519955026,-0.31995419930854546,-0.20742555849952668,-0.10206207261596575,-0.42808430576173445,0.26819514250722515,-0.7663921963682204,-0.037098960493880104,0.26635981735799646,0.5103103630798289,0.023298762363375074,-0.9795849956798764,-0.14510328920809168,0.7910294527142046,-0.5902921612902812,-0.4501437861761928
-0.11524004564660192,-0.29340282657252703,-0.4780278812122625,0.23759920449008076,0.13206189175485836,1.0990614389157813,0.9587390892919492,-0.5277681780483047,0.828185437235064,-0.5404695275163652,0.14574849461386089,-0.10006267487380383,-1.1373916235584873,-1.248323909545231,-0.6748228002447977,-0.05141135993871109,-0.11848557572710312,-0.10940351824310271,-0.42601155976875066,-0.7518561982187508,-0.10576474469618605,-0.10389476900983845,-0.8662236469835065,1.447111809297808,0.4990917960163017,0.5089748680943654,0.375990754698899,-0.5902921612902812,-0.14510328920809168,1.0590220855949029,-0.31995419930854546,-0.20742555849952668,-0.10206207261596575,-0.42808430576173445,0.15848868740972932,0.4014435314309726,-0.037098960493880104,0.26635981735799646,0.5103103630798289,0.023298762363375074,-0.9795849956798764,-0.14510328920809168,1.6442747050800883,0.8264090258063934,-0.5483197880078815
-0.5275658101684192,-0.6098822799541289,-0.4780278812122625,-1.6320338800220289,-0.6362982057279538,-0.20352989609551508,0.9587390892919492,-0.5951462201497193,0.3907351617698752,-0.15019086456991496,-0.02732432156463955,-0.16289843472914425,-0.7835004073090066,0.10295227000618025,-0.2383332271353365,0.18249814499570932,-0.11756214144575979,-0.1089181989334524,-0.42601155976875066,-0.2817791435597806,-0.10575980425657877,-0.1038923904739585,0.3389570792544156,1.0747991693960062,-0.011406088675015406,-0.006187175209474578,0.375990754698899,-0.5902921612902812,-0.14510328920809168,-0.9344312519955026,-0.31995419930854546,-0.20742555849952668,-0.10206207261596575,-0.42808430576173445,0.16534534085332264,-0.7663921963682204,-0.037098960493880104,0.26635981735799646,0.5103103630798289,0.023298762363375074,-0.9795849956798764,-0.14510328920809168,1.6442747050800883,-0.5902921612902812,-0.33560511737255794
0.09123192639280914,0.023076626809074956,-0.4780278812122625,-0.36068338255379434,0.5162419404962645,0.6648643272453493,0.11434502899812227,-0.09807424917513277,0.643778232265807,0.3390316847573256,-0.7358411627953757,-0.5242040538973516,-0.9250568938087989,0.14540073637952303,-0.40499288232258535,0.7048960393492475,-0.10874050669102733,-0.10539963393848763,1.0886962082979184,0.2737664664917297,-0.10569315141084869,-0.10386512078996332,0.3389570792544156,0.5879287941398041,-0.15915547645785988,-0.18398646449133085,0.375990754698899,-0.5902921612902812,-0.14510328920809168,-0.9344312519955026,-0.31995419930854546,-0.20742555849952668,-0.10206207261596575,-0.42808430576173445,-0.7191629533702361,0.4014435314309726,-0.037098960493880104,0.26635981735799646,0.5103103630798289,0.023298762363375074,-0.9795849956798764,-0.14510328920809168,0.7910294527142046,0.8264090258063934,0.12254955784198582
0.20384363569374478,0.023076626809074956,-0.4780278812122625,-0.7346099994562161,1.2846020379790766,1.9674556622566457,1.803133149585776,-0.5472611965178966,1.6934935057544849,-0.6339165313204449,-0.7412496883009538,-1.443177041781705,-2.085820083107096,-2.4368809679988286,-1.7144616016509688,0.7594749238339457,-0.1065222008755098,-0.10461341665685413,1.0886962082979184,-0.43134911549672583,-0.1057620423104493,-0.10389370193524736,-0.8662236469835065,2.2346962398593115,9.344055145859004,9.092349532079364,0.375990754698899,-0.5902921612902812,-0.14510328920809168,1.0590220855949029,-0.31995419930854546,-0.20742555849952668,-0.10206207261596575,-0.42808430576173445,-0.7740161809189839,0.4014435314309726,-0.037098960493880104,1.7705093742031526,0.5103103630798289,1.1416393558053768,-0.9795849956798764,-0.14510328920809168,1.6442747050800883,0.8264090258063934,-0.4501437861761928
-0.6406926691001924,-0.7681220066449299,-0.4780278812122625,0.31238452787056475,-0.6362982057279538,-0.6377270077659473,0.11434502899812227,-0.7587180707858576,-0.17489052522103055,-0.16668151230004666,0.4378088719150804,0.39476893398700186,0.12246110628966407,0.5486611669262792,0.3092627827656239,-0.19175706289936334,-0.11892407803947289,-0.1095568791449522,-0.42601155976875066,-0.3725894836643544,-0.10576182365001367,-0.10389329059130065,-0.8662236469835065,0.7311259633328047,-0.1434055417195871,-0.1566327276787376,0.375990754698899,-0.5902921612902812,-0.14510328920809168,-0.9344312519955026,-0.31995419930854546,-0.20742555849952668,-0.10206207261596575,-0.42808430576173445,0.6315977750176793,-0.7663921963682204,-0.9274740123470011,0.26635981735799646,0.5103103630798289,0.023298762363375074,-0.9795849956798764,-0.14510328920809168,-0.06221579965167908,-0.5902921612902812,-0.5483197880078815
-0.5067537650826105,-0.6098822799541289,-0.4780278812122625,-0.5102540293147633,-0.6362982057279538,-0.20352989609551508,0.11434502899812227,-0.5599740346502389,0.20880877121724464,0.2675722112600883,-0.36806142841606226,-0.16289843472914425,-0.7268778127090896,0.2161481803350943,-0.18278000873958689,0.48658050141045533,-0.11467834388558701,-0.10755445167333502,1.0886962082979184,0.19363969581122345,-0.10572119139612302,-0.10387412196338498,0.3389570792544156,0.616568227978404,-0.16140546713475598,-0.17954148225928449,0.375990754698899,-0.5902921612902812,-0.14510328920809168,-0.9344312519955026,-0.31995419930854546,-0.20742555849952668,-0.10206207261596575,-0.42808430576173445,-0.15006071755197814,-0.7663921963682204,-0.037098960493880104,0.26635981735799646,0.5103103630798289,0.023298762363375074,-0.9795849956798764,-0.14510328920809168,0.7910294527142046,-0.5902921612902812,-0.25379178251281836
-1.1562544196417155,-1.084601460026532,-0.21728540055102835,0.08802855772911188,-1.02047825446936,-1.5061212311068115,-0.7300490312957046,-0.9472918364156028,-1.2588410376591586,0.4544662188682475,0.9894784734840505,0.6382575034264458,0.8797883090635529,0.6760065660463076,0.8965396629492628,-0.5348243368031796,-0.11937083451301664,-0.10975974261638605,-0.42601155976875066,-0.20165237287927415,-0.10575878812867205,-0.10389130162233491,0.3389570792544156,-0.5218492671059508,-0.20493528676377268,-0.22939366760023572,0.375990754698899,1.6764297380643982,-0.14510328920809168,-0.9344312519955026,-0.31995419930854546,-0.20742555849952668,-0.10206207261596575,-0.42808430576173445,1.3378330797078082,-0.7663921963682204,-0.9274740123470011,-1.2377897394871595,-1.9391793797033494,-1.0950418310786265,1.0618077594272464,-0.14510328920809168,-0.9154610520175628,-2.0069933483869558,-1.2028264668858004
-0.9807944553786829,-0.9263617333357309,-1.781740284518433,0.9854524382949247,-1.02047825446936,-1.0719241194363793,0.11434502899812227,-0.7777873279843713,-0.8285024301882998,0.31154727187377274,-0.7196155862786413,0.1355714245837227,0.37018495766430054,-0.25785969416723326,-0.0716735719480877,1.0869482307421339,-0.09403778209980657,-0.0961882734413247,1.0886962082979184,1.2566548535059405,-0.10191971541088021,-0.10183356562737707,1.5441378054923378,1.1249181786135563,-0.005656112500725358,0.02914473484012507,0.375990754698899,1.6764297380643982,-0.14510328920809168,-0.9344312519955026,-0.31995419930854546,-0.20742555849952668,-0.10206207261596575,-0.42808430576173445,-0.2734804795366606,-0.7663921963682204,-0.9274740123470011,-1.2377897394871595,0.5103103630798289,-1.0950418310786265,1.0164434759804213,-0.14510328920809168,-0.06221579965167908,-0.5902921612902812,0.08982422389808911
-0.7337286924293285,-0.6098822799541289,-0.21728540055102835,0.08802855772911188,-0.6362982057279538,-0.20352989609551508,-0.7300490312957046,-0.7430389037559686,-0.4360375894779433,0.4104911582545629,1.5032883965139734,1.0152720625584883,0.24278411981448753,-0.3922798376828186,0.7298800077620137,-1.127395082637044,-0.11953488596635026,-0.10985467107335364,-0.42601155976875066,-1.286034669422126,-0.10576549573047053,-0.1038950891322158,-0.8662236469835065,-0.34285280561470005,-0.2040102905966043,-0.2284134920311178,0.375990754698899,-0.5902921612902812,-0.14510328920809168,1.0590220855949029,-0.31995419930854546,-0.20742555849952668,-0.10206207261596575,-0.42808430576173445,1.6258125243387345,-0.7663921963682204,-0.9274740123470011,0.26635981735799646,0.5103103630798289,0.023298762363375074,-0.9795849956798764,6.819854592780309,1.6442747050800883,-0.5902921612902812,-0.7119464577273606
1.1123615246376202,0.9725149869538808,1.0864270027551421,-0.7346099994562161,0.5162419404962645,1.5332585505862135,0.9587390892919492,0.8964934540451179,1.7520407259868773,-0.08972515622609871,-0.514091617066672,-0.971908842866652,-1.0736912046335807,-0.4418030484517185,-0.7224398445840117,-0.05141135993871109,-0.1181812035338112,-0.10940060632724481,-0.42601155976875066,-0.7037801358104472,-0.10576426750194125,-0.10389468432137884,-0.8662236469835065,0.4375717664871533,-0.1714054256987387,-0.20233626293644552,0.375990754698899,-0.5902921612902812,-0.14510328920809168,-0.9344312519955026,-0.31995419930854546,-0.20742555849952668,-0.10206207261596575,-0.42808430576173445,-0.9385758635652277,1.5692792592301656,1.7436511432123618,0.26635981735799646,0.5103103630798289,1.1416393558053768,-0.9795849956798764,-0.14510328920809168,0.7910294527142046,0.8264090258063934,0.5970669000284772
1.7105532759653737,1.9219533470986867,2.650881886722547,-1.1085366163586379,1.2846020379790766,1.5332585505862135,1.803133149585776,1.7092675719728732,1.244300708717263,0.7183165825503547,0.7190521982051435,-0.03722691501846341,0.10122763331469524,-0.3922798376828186,0.34100747899176653,-1.4080864885583482,-0.11954592590692051,-0.10986561987697936,-1.9407193278354196,-1.6225671062802525,-0.10576553946255765,-0.10389511635350639,-2.0714043732214287,-1.3380731315060546,-0.20577703327589594,-0.23062025474847375,-2.6319352828922926,-0.5902921612902812,-0.14510328920809168,1.0590220855949029,-0.31995419930854546,-0.20742555849952668,-0.10206207261596575,2.311655251113366,-0.06778087622885566,1.5692792592301656,0.8532760913592409,1.7705093742031526,0.5103103630798289,2.2599799492473784,-0.9795849956798764,-0.14510328920809168,-0.9154610520175628,0.8264090258063934,0.9734082403832799
0.16366196448847045,0.18131635349987593,1.0864270027551421,-1.1085366163586379,0.13206189175485836,0.2306672155749171,1.803133149585776,0.1290617921227174,0.6120238077329839,-0.28761292898767915,-1.211791407286252,-0.2571520745121548,-0.20311881265985818,-0.29323341614501885,-0.6033972337359768,0.9466025277814818,-0.09733944656941404,-0.1008376324277747,1.0886962082979184,0.7865777988469701,-0.10510444034387334,-0.103626541300884,1.5441378054923378,-0.3858119563726003,-0.20385779122850356,-0.2286984267895823,0.375990754698899,-0.5902921612902812,-0.14510328920809168,-0.9344312519955026,-0.31995419930854546,-0.20742555849952668,-0.10206207261596575,-0.42808430576173445,-1.1785587340910006,0.4014435314309726,-0.037098960493880104,0.26635981735799646,0.5103103630798289,1.1416393558053768,1.0164434759804213,-0.14510328920809168,-0.9154610520175628,0.8264090258063934,0.25345089361756973
-0.32068171842433907,-0.29340282657252703,1.0864270027551421,-1.2581072631196069,-0.25211815698654777,-1.5061212311068115,-1.5744430915895316,-0.16206220110792288,-0.6808112785851187,-1.8981995239638754,-1.2280169838029862,-0.28856995443982497,0.6249866333639267,1.2773598396686636,-0.5399078412836915,1.1181361647333898,-0.08671221405786499,-0.09502350709816396,1.0886962082979184,1.678655845756607,-0.07785420511350483,-0.09124024916501094,1.5441378054923378,-0.9872400669832029,-0.20563528386325147,-0.23042057246974182,0.375990754698899,-0.5902921612902812,-0.14510328920809168,-0.9344312519955026,-0.31995419930854546,-0.20742555849952668,-0.10206207261596575,-0.42808430576173445,-1.000285744557569,-0.7663921963682204,-0.037098960493880104,0.26635981735799646,0.5103103630798289,0.023298762363375074,1.0164434759804213,-0.14510328920809168,-0.06221579965167908,-0.5902921612902812,-0.38469311828840086
2.5143927599231994,2.713151980552692,0.8256845220939081,-0.061542089031857004,1.2846020379790766,2.83584988559751,0.9587390892919492,2.480513085334976,2.145332504836109,-1.8981995239638754,-1.2280169838029862,-1.1682705924145909,0.6249866333639267,1.2773598396686636,-0.5399078412836915,1.1181361647333898,-0.08671221405786499,-0.09502350709816396,1.0886962082979184,1.678655845756607,-0.07785420511350483,-0.09124024916501094,1.5441378054923378,-0.9872400669832029,-0.20563528386325147,-0.23042057246974182,0.375990754698899,-0.5902921612902812,-0.14510328920809168,-0.9344312519955026,-0.31995419930854546,-0.20742555849952668,-0.10206207261596575,-0.42808430576173445,-1.000285744557569,-0.7663921963682204,-0.037098960493880104,0.26635981735799646,0.5103103630798289,0.023298762363375074,1.0164434759804213,-0.14510328920809168,-0.06221579965167908,-0.5902921612902812,-0.38469311828840086
-0.7028197145791172,-0.6098822799541289,-0.21728540055102835,-0.13632741241234145,-0.6362982057279538,-0.6377270077659473,0.11434502899812227,-0.6684569200462271,-0.6419451860579659,0.025709377884823192,0.6108816880935807,0.34764211409549656,0.4480410252391863,0.09587752561062314,0.3727521752179091,-0.33210276586001525,-0.11915932163293241,-0.10966850258617179,-0.42601155976875066,-0.2337030811514767,-0.10575883957818631,-0.10389178555638984,0.3389570792544156,0.2084562957783524,-0.1945803296707686,-0.2170388964732144,0.375990754698899,-0.5902921612902812,-0.14510328920809168,1.0590220855949029,-0.31995419930854546,-0.20742555849952668,-0.10206207261596575,-0.42808430576173445,0.8098707645511103,-0.7663921963682204,-0.9274740123470011,0.26635981735799646,0.5103103630798289,-1.0950418310786265,1.0618077594272464,-0.14510328920809168,-0.06221579965167908,-0.5902921612902812,-0.7446717916712574
-0.846855551361101,-0.7681220066449299,-0.21728540055102835,0.31238452787056475,-0.6362982057279538,-1.0719241194363793,-0.7300490312957046,-0.6790509518231791,-1.1061882572227242,0.3940005105244313,1.1895939171904417,0.811055843028632,0.674531403638854,0.5132874449484938,0.8886034888927269,-0.7999217757288557,-0.11947246387247173,-0.10982176642415936,-0.42601155976875066,-0.5114758861772318,-0.10576361152063436,-0.10389411569886432,-0.8662236469835065,-0.34285280561470005,-0.20403279050337328,-0.22836790246976346,0.375990754698899,1.6764297380643982,-0.14510328920809168,1.0590220855949029,-0.31995419930854546,-0.20742555849952668,-0.10206207261596575,-0.42808430576173445,1.392686307256556,-0.7663921963682204,-0.9274740123470011,-1.2377897394871595,-1.9391793797033494,-1.0950418310786265,1.0618077594272464,-0.14510328920809168,-0.9154610520175628,-0.5902921612902812,-0.6137704558956735
0.5136546236790289,0.3395560801906769,-0.4780278812122625,1.2845937318168617,1.6687820867204828,1.9674556622566457,0.11434502899812227,-0.23664418481766494,0.5205644495733432,0.21260338549298255,-0.6979814842563287,-0.39067806420475315,-0.19604098833486858,-0.8096897570206892,-0.4526099266617992,0.6347231878689216,-0.11003021937446775,-0.1062635023096652,1.0886962082979184,0.3218425289000336,-0.10566987050564385,-0.10385882964724925,0.3389570792544156,0.7096463879538546,-0.1311555924787083,-0.16198950113787045,0.375990754698899,-0.5902921612902812,-0.14510328920809168,1.0590220855949029,-0.31995419930854546,-0.20742555849952668,-0.10206207261596575,-0.42808430576173445,-0.8562960222421064,0.4014435314309726,0.8532760913592409,1.7705093742031526,0.5103103630798289,1.1416393558053768,-0.9795849956798764,-0.14510328920809168,-0.06221579965167908,0.8264090258063934,0.36798956242120606
-1.2485692334876795,-1.2428411867173328,-1.781740284518433,2.7803001994265495,-1.7888383519521722,-1.5061212311068115,-1.5744430915895316,-0.738801291045188,-1.4821143351555688,0.5753976355558801,1.157142764156973,0.7639290231371269,1.1770569307131167,0.746754010001879,1.0870078403061183,-0.5972002047856914,-0.11940901000844648,-0.10977896126104819,-0.42601155976875066,-0.2230195117274092,-0.10575952128425031,-0.10389164037617336,0.3389570792544156,0.7884048310100048,-0.1434055417195871,-0.14329778098259835,0.375990754698899,1.6764297380643982,-0.14510328920809168,-0.9344312519955026,-0.31995419930854546,-0.20742555849952668,-0.10206207261596575,-0.42808430576173445,1.5229627226848326,-0.7663921963682204,-0.9274740123470011,-1.2377897394871595,-1.9391793797033494,-1.0950418310786265,1.0618077594272464,-0.14510328920809168,0.7910294527142046,-2.0069933483869558,-0.30287978342866123
-0.37291789099119593,-0.451642553263328,-0.4780278812122625,-1.1833219397391224,-0.25211815698654777,-0.20352989609551508,0.9587390892919492,-0.47013664518168596,0.46863273445195625,-0.28761292898767915,-0.162537459204093,-0.0686447949461336,-0.5994769748592765,-0.15173852823387632,-0.3176949677006931,0.29165591396510515,-0.11672124877615664,-0.10856391583740767,1.0886962082979184,-0.1963105881672405,-0.10575692308377994,-0.10389115644211844,0.3389570792544156,1.3110744985644573,0.2240929355067773,0.24797462934087125,0.375990754698899,-0.5902921612902812,-0.14510328920809168,-0.9344312519955026,-0.31995419930854546,-0.20742555849952668,-0.10206207261596575,-0.42808430576173445,-0.019784302123701088,-0.7663921963682204,-0.037098960493880104,0.26635981735799646,0.5103103630798289,0.023298762363375074,-0.9795849956798764,-0.14510328920809168,-0.06221579965167908,-0.5902921612902812,-0.20470378159697403
0.2977038984322196,0.4977958068814779,-0.21728540055102835,0.16281388110959633,0.13206189175485836,0.2306672155749171,1.803133149585776,0.6536782457173786,-0.10840469885543312,0.1631314423025874,-0.789926417851157,0.25338847431248596,0.48343014686413444,-0.03854261790496229,-0.03992887572194506,0.6035352538776655,-0.11137152056524578,-0.10662263859880641,1.0886962082979184,0.8399956459673076,-0.10489992852467063,-0.10355153152237022,1.5441378054923378,-0.006339458011148741,-0.1986803126820015,-0.22379754894399267,0.375990754698899,-0.5902921612902812,-0.14510328920809168,-0.9344312519955026,-0.31995419930854546,-0.20742555849952668,-0.10206207261596575,-0.42808430576173445,-0.8562960222421064,-0.7663921963682204,-0.9274740123470011,0.26635981735799646,0.5103103630798289,0.023298762363375074,-0.9795849956798764,-0.14510328920809168,-0.9154610520175628,0.8264090258063934,1.104309576158864
-0.33139683074574583,-0.451642553263328,-0.21728540055102835,0.08802855772911188,-0.6362982057279538,-0.20352989609551508,0.11434502899812227,-0.5010712179703859,-0.221033673370289,-0.30410357671781085,0.3188213107923613,0.7482200831732917,0.24278411981448753,-0.6540453803184324,0.0632413870130185,-0.23853896388624707,-0.11897050769607674,-0.10960055788282073,-0.42601155976875066,-0.21767772701537555,-0.10575774627600819,-0.10389156778606512,0.3389570792544156,0.24425558807660241,-0.19185534096208332,-0.21521531401904154,0.375990754698899,-0.5902921612902812,-0.14510328920809168,1.0590220855949029,-0.31995419930854546,-0.20742555849952668,-0.10206207261596575,-0.42808430576173445,0.398471557935501,-0.7663921963682204,-0.9274740123470011,0.26635981735799646,0.5103103630798289,0.023298762363375074,-0.9795849956798764,-0.14510328920809168,-0.06221579965167908,-0.5902921612902812,-0.33560511737255794
1.865201195142597,1.9219533470986867,-0.4780278812122625,1.2098084084363772,2.0529621354618888,1.9674556622566457,0.9587390892919492,1.7872396458512387,1.520994209985036,0.42698180598469465,-0.5465427701001409,-2.8648361085087815,-1.1090803262585287,-2.168040680967658,-1.3573337691068643,-0.06700532693433912,-0.11804191456399964,-0.10941516590653433,-0.42601155976875066,-0.5168176708892656,-0.1057622352461278,-0.10389412779721569,-0.8662236469835065,1.0676393109363562,0.09409347417500215,-0.011885870378764849,0.375990754698899,-0.5902921612902812,-0.14510328920809168,1.0590220855949029,-0.31995419930854546,-0.20742555849952668,-0.10206207261596575,-0.42808430576173445,-1.2745518823013084,1.5692792592301656,2.6340261950654824,1.7705093742031526,0.5103103630798289,2.2599799492473784,-0.9795849956798764,-0.14510328920809168,0.7910294527142046,0.8264090258063934,2.167882929335483
0.8853865972909016,0.9725149869538808,1.3471694834163763,-1.4824632332610599,0.5162419404962645,0.2306672155749171,0.11434502899812227,0.7214800490898716,0.6025967129498023,-3.8331021909659952,-0.2544823927989213,-0.15504396474722668,-0.17480751535989972,-1.0502310664696315,-1.4922487280679704,-0.1995540463971772,-0.11870224745792113,-0.10956658553114522,-0.42601155976875066,-0.19096880345520664,-0.10575418339714535,-0.10389110804871293,0.3389570792544156,-0.40013167329190036,-0.20367029200542888,-0.22880100330262954,0.375990754698899,-0.5902921612902812,-0.14510328920809168,-0.9344312519955026,-0.31995419930854546,-0.20742555849952668,-0.10206207261596575,-0.42808430576173445,-0.6094564982727414,1.5692792592301656,0.8532760913592409,0.26635981735799646,0.5103103630798289,0.023298762363375074,-0.9795849956798764,-0.14510328920809168,0.7910294527142046,0.8264090258063934,0.5316162321406852
-0.19735489680199664,-0.29340282657252703,-0.4780278812122625,-0.21111273579282547,0.13206189175485836,0.2306672155749171,0.11434502899812227,-0.31037864598525045,0.36146155165367905,0.2840628589902199,-0.7574752648176881,-0.45351382406009355,-1.08784685328356,0.17369971396175155,-0.4446737526052636,0.8062568248208297,-0.10605790430947126,-0.10392426323715069,1.0886962082979184,0.48743785497308,-0.10559449696724586,-0.10382011492285505,0.3389570792544156,0.5306499264626038,-0.16940543398594216,-0.19173668992156562,0.375990754698899,-0.5902921612902812,-0.14510328920809168,-0.9344312519955026,-0.31995419930854546,-0.20742555849952668,-0.10206207261596575,-0.42808430576173445,-0.6231698051599281,0.4014435314309726,-0.037098960493880104,0.26635981735799646,0.5103103630798289,0.023298762363375074,-0.9795849956798764,-0.14510328920809168,0.7910294527142046,0.8264090258063934,0.008010889038349511
0.4833638253858214,0.6560355335722788,-0.21728540055102835,0.3871698512510492,1.2846020379790766,0.2306672155749171,2.647527209879603,0.5261261031228768,0.46863273445195625,0.35002544991074674,-1.8175462639110032,-1.356777871980612,-0.939212542458778,-0.7601665462517893,-1.0954400252411876,1.6015491415978584,0.04550913024844671,-0.04687983158085297,1.0886962082979184,1.502376950259493,-0.09020208853706461,-0.0979669325285052,1.5441378054923378,-0.09941761798659908,-0.20035530574146862,-0.22557554183681125,0.375990754698899,-0.5902921612902812,-0.14510328920809168,-0.9344312519955026,-0.31995419930854546,-0.20742555849952668,-0.10206207261596575,-0.42808430576173445,-1.8573674250067542,1.5692792592301656,0.8532760913592409,1.7705093742031526,0.5103103630798289,2.2599799492473784,-0.7073992949989266,-0.14510328920809168,-0.9154610520175628,0.8264090258063934,0.286176227561465
0.7514476932733197,0.8142752602630798,1.0864270027551421,-0.5850393526952476,1.2846020379790766,1.0990614389157813,0.9587390892919492,0.6468980653801296,0.9279141767834606,-0.11171268653294093,-1.7418269068329095,-0.7127113334633728,0.25693976846446676,-0.6894191022962181,-0.7859292370362969,1.328654719174368,-0.04219133222550174,-0.08182282187567547,1.0886962082979184,1.112426666281029,-0.1027043205034189,-0.1027844960453099,1.5441378054923378,-0.28557393793749974,-0.20268029610759458,-0.22788921207554308,0.375990754698899,-0.5902921612902812,-0.14510328920809168,-0.9344312519955026,-0.31995419930854546,-0.20742555849952668,-0.10206207261596575,-0.42808430576173445,-1.8985073456683155,1.5692792592301656,0.8532760913592409,1.7705093742031526,0.5103103630798289,1.1416393558053768,-0.9795849956798764,-0.14510328920809168,-0.9154610520175628,0.8264090258063934,0.33526422847730936
1.0491011499708547,0.4977958068814779,1.0864270027551421,-0.7346099994562161,0.13206189175485836,-0.20352989609551508,-0.7300490312957046,0.7367354548486819,0.41686640695834415,0.5589069878257482,0.6054731625880027,1.4158500316362834,0.2286284711645083,1.8221151581265624,1.079071666249583,-1.104004132143602,-0.11951270290819509,-0.10985331217928662,-0.42601155976875066,-0.9441604478519662,-0.10576511513268876,-0.10389496960050423,-0.8662236469835065,-1.5170695929973053,-0.20584153300863364,-0.23066265304053327,-2.6319352828922926,-0.5902921612902812,-0.14510328920809168,1.0590220855949029,-0.31995419930854546,-0.20742555849952668,-0.10206207261596575,2.311655251113366,0.09677880641738808,0.4014435314309726,-0.037098960493880104,0.26635981735799646,0.5103103630798289,0.023298762363375074,-0.9795849956798764,-0.14510328920809168,-0.9154610520175628,0.8264090258063934,0.024373556010298593
0.7100296629540369,0.8142752602630798,1.8686544447388445,-1.2581072631196069,0.13206189175485836,0.6648643272453493,-0.7300490312957046,0.6142684475071171,0.8190891177074328,-1.826740050466638,-0.6060365506615004,-1.9851354705340158,-0.7268778127090896,-0.9299604117451603,-1.4843125540114346,0.11232529351538302,-0.11745380558035079,-0.10910067899388091,-0.42601155976875066,0.022702585026143442,-0.10573791248825908,-0.1038850346763236,0.3389570792544156,0.23709572961695255,-0.18900535277134825,-0.21578518353597057,0.375990754698899,-0.5902921612902812,-0.14510328920809168,-0.9344312519955026,-0.31995419930854546,-0.20742555849952668,-0.10206207261596575,-0.42808430576173445,-0.8562960222421064,1.5692792592301656,0.8532760913592409,0.26635981735799646,0.5103103630798289,0.023298762363375074,-0.7073992949989266,-0.14510328920809168,1.6442747050800883,0.8264090258063934,0.43344023030899803
0.24433439667752152,0.023076626809074956,1.0864270027551421,-0.4354687059342788,-1.02047825446936,-0.6377270077659473,-0.7300490312957046,0.14982609440554304,-0.8283370425605249,0.7073228173969336,1.5735992280864894,2.4762034791951524,1.587570741562514,1.9989837680154905,1.9679231605815766,-1.7823416964534207,-0.11956692242940692,-0.10987141458953659,-1.9407193278354196,-1.0937304197889108,-0.10576536209035724,-0.10389504267454652,-0.8662236469835065,-2.276014589720208,-0.20590050776426475,-0.23071113753903358,-2.6319352828922926,-0.5902921612902812,-0.14510328920809168,1.0590220855949029,3.092890593315939,-0.20742555849952668,-0.10206207261596575,2.311655251113366,1.2966931590462476,-0.7663921963682204,-0.9274740123470011,-1.2377897394871595,0.5103103630798289,-1.0950418310786265,1.0618077594272464,-0.14510328920809168,-0.9154610520175628,-0.5902921612902812,-0.13925311370918206
0.17448010673604447,0.3395560801906769,-0.21728540055102835,0.9106671149144403,0.9004219892376706,-0.20352989609551508,-0.7300490312957046,0.4121343212028737,-0.575459359692368,1.240520427337859,1.5465566005585987,0.7482200831732917,0.985955673938397,0.9094731310996929,1.3885824544544734,-1.3613045875714644,-0.1195498982219855,-0.10986447452340858,-0.42601155976875066,-1.2379586070138224,-0.10576545778645376,-0.10389508066336985,-0.8662236469835065,-1.0874780854183033,-0.2056900336363893,-0.23050377341921346,0.375990754698899,-0.5902921612902812,-0.14510328920809168,1.0590220855949029,-0.31995419930854546,-0.20742555849952668,-0.10206207261596575,2.311655251113366,1.2966931590462476,-0.7663921963682204,-0.9274740123470011,0.26635981735799646,0.5103103630798289,0.023298762363375074,1.0164434759804213,-0.14510328920809168,0.7910294527142046,0.8264090258063934,0.4825282312248409
-1.507586467872449,-1.5593206400989348,-0.4780278812122625,1.2845937318168617,-1.7888383519521722,-0.20352989609551508,-1.5744430915895316,-1.8528696727094573,-0.9474161345586101,-0.595438353283471,-1.0711697441412202,-0.3828235942228356,-0.5286987316093804,-1.460566241411945,-1.016078284675831,1.4066245541525082,-0.0633426202339246,-0.0747371599547809,1.0886962082979184,1.7000229846047419,-0.08377089925396056,-0.090103004135931,1.5441378054923378,1.4041526585399076,0.2140929769427946,0.4075380940809988,0.375990754698899,1.6764297380643982,-0.14510328920809168,-0.9344312519955026,-0.31995419930854546,-0.20742555849952668,-0.10206207261596575,-0.42808430576173445,-0.3763302811905619,-0.7663921963682204,-0.037098960493880104,-1.2377897394871595,-1.9391793797033494,-1.0950418310786265,1.0618077594272464,-0.14510328920809168,-0.9154610520175628,-2.0069933483869558,-0.7937597925871003
0.6691267822655911,0.4977958068814779,0.8256845220939081,-0.36068338255379434,0.5162419404962645,1.0990614389157813,0.11434502899812227,0.451967880684213,1.3483295265878121,0.44347245371482635,0.01594388247998556,-0.7127113334633728,-0.43668701538451543,-0.5479242143850754,-0.2383332271353365,-0.3243057823622014,-0.11899630194974553,-0.10966267875445597,-0.42601155976875066,-0.9708693714121348,-0.10576519230696015,-0.10389498702213021,-0.8662236469835065,0.48769077570470354,-0.16840543812954387,-0.19720743728408427,0.375990754698899,-0.5902921612902812,-0.14510328920809168,1.0590220855949029,-0.31995419930854546,-0.20742555849952668,-0.10206207261596575,-0.42808430576173445,-0.280337132980254,1.5692792592301656,0.8532760913592409,0.26635981735799646,0.5103103630798289,0.023298762363375074,-0.9795849956798764,-0.14510328920809168,0.7910294527142046,0.8264090258063934,0.35162689544925696
1.0299375837037235,1.1307547136446818,1.0864270027551421,-0.8093953228367006,0.9004219892376706,0.6648643272453493,0.11434502899812227,1.0248931191817758,0.9366797210555419,-2.096087296725456,-1.21719993279183,-1.0504535426858275,-0.6348660964842247,0.12417650319285163,-1.293844376654579,0.6815050888558055,-0.10760555952959977,-0.10574906384143586,1.0886962082979184,0.5675646256535862,-0.10545558327873082,-0.10378865920928475,0.3389570792544156,-0.09225775952694888,-0.19963030874557985,-0.22548436271410258,0.375990754698899,-0.5902921612902812,-0.14510328920809168,-0.9344312519955026,-0.31995419930854546,-0.20742555849952668,-0.10206207261596575,-0.42808430576173445,-1.5351047131578615,1.5692792592301656,1.7436511432123618,0.26635981735799646,0.5103103630798289,1.1416393558053768,-0.9795849956798764,-0.14510328920809168,1.6442747050800883,0.8264090258063934,0.8752322385515927
-1.0223155156241337,-0.9263617333357309,-0.21728540055102835,-0.884180646217185,-1.02047825446936,-1.0719241194363793,0.11434502899812227,-0.8544881180495036,-0.8285024301882998,0.2785659764135093,0.35127246382583016,0.05702672476454719,0.25693976846446676,0.05342905923728038,0.2616457384264099,-0.012426442449640852,-0.11858359389104461,-0.10933848545560958,-0.42601155976875066,0.1615889875390209,-0.10573199579411864,-0.1038769529776063,0.3389570792544156,-0.0779380426076488,-0.20170530014760626,-0.22521082534597667,0.375990754698899,1.6764297380643982,-0.14510328920809168,1.0590220855949029,-0.31995419930854546,-0.20742555849952668,-0.10206207261596575,-0.42808430576173445,0.7070209628972078,-0.7663921963682204,-0.9274740123470011,-1.2377897394871595,0.5103103630798289,-1.0950418310786265,1.0164434759804213,-0.14510328920809168,-0.9154610520175628,-2.0069933483869558,-0.49923178709203714
-0.5169537277731803,-0.6098822799541289,-0.4780278812122625,-0.36068338255379434,0.13206189175485836,-0.6377270077659473,-0.7300490312957046,-0.5972650265051096,-0.3568169157736611,0.24558468095324598,-0.2220312397654525,0.4261868139146721,0.24986194413947715,1.1358649517575208,0.3965606973875161,0.46318955091701347,-0.11503430458621657,-0.10771946023861613,1.0886962082979184,0.4286782231407086,-0.10564414574851143,-0.10383753654883246,0.3389570792544156,-0.10657747644624896,-0.20155530076914657,-0.22570091313053564,0.375990754698899,-0.5902921612902812,-0.14510328920809168,-0.9344312519955026,-0.31995419930854546,-0.20742555849952668,-0.10206207261596575,-0.42808430576173445,-0.01292764868010775,-0.7663921963682204,-0.9274740123470011,0.26635981735799646,0.5103103630798289,0.023298762363375074,-0.9795849956798764,-0.14510328920809168,-0.9154610520175628,0.8264090258063934,-0.38469311828840086
-0.19745792672816392,-0.29340282657252703,-0.4780278812122625,-0.36068338255379434,0.5162419404962645,-0.20352989609551508,0.11434502899812227,-0.41843777011016037,0.2261744721336323,-0.06224074334254585,-0.011098745047905131,0.041317784800712076,-0.27389705590975433,0.3222693462684512,-0.008184179495802421,0.17470116149789514,-0.11744864672961704,-0.1089385823444577,-0.42601155976875066,-0.185627018743173,-0.10575618992820167,-0.10389098706519921,0.3389570792544156,0.20129643731870236,-0.19335533474668073,-0.21738081818337185,0.375990754698899,-0.5902921612902812,-0.14510328920809168,1.0590220855949029,-0.31995419930854546,-0.20742555849952668,-0.10206207261596575,-0.42808430576173445,0.0487822323122335,-0.7663921963682204,-0.9274740123470011,0.26635981735799646,0.5103103630798289,0.023298762363375074,-0.9795849956798764,-0.14510328920809168,-0.06221579965167908,0.8264090258063934,-0.0901651127933377
-0.7024075948744475,-0.6098822799541289,-0.21728540055102835,0.5367404980120181,-0.25211815698654777,-1.0719241194363793,-0.7300490312957046,-0.4752217804346231,-1.1061882572227242,0.7128196999736442,1.4329775649414578,1.1173801723234165,0.8443991874386048,0.7892024763752217,1.213986625210689,-1.026034297165462,-0.11952095706936909,-0.10984777953915661,-0.42601155976875066,-0.7625397676428182,-0.10576487460620958,-0.10389478110818984,-0.8662236469835065,-0.6220872855410514,-0.2051202859972064,-0.22976978148140886,0.375990754698899,1.6764297380643982,-0.14510328920809168,1.0590220855949029,-0.31995419930854546,-0.20742555849952668,-0.10206207261596575,-0.42808430576173445,1.5503893364592058,-0.7663921963682204,-0.9274740123470011,-1.2377897394871595,-1.9391793797033494,-1.0950418310786265,1.0618077594272464,-0.14510328920809168,-0.9154610520175628,-0.5902921612902812,-0.49923178709203714
-0.8574676337563405,-0.7681220066449299,-0.21728540055102835,-0.884180646217185,-1.02047825446936,-0.6377270077659473,0.9587390892919492,-0.7688883412917319,-0.49392325919923485,-0.04575009561241413,-1.1144379481858453,-0.1707529047110618,-0.1111070964349932,-0.27908392735390464,-0.4684822747748706,1.250684884196228,-0.07691039766371781,-0.08774371745340927,1.0886962082979184,1.4329337490030543,-0.09719922247708182,-0.0994671280987809,1.5441378054923378,0.34449360651170297,-0.1889803528749383,-0.20951661884975126,0.375990754698899,-0.5902921612902812,-0.14510328920809168,-0.9344312519955026,-0.31995419930854546,-0.20742555849952668,-0.10206207261596575,-0.42808430576173445,-0.678023032708676,-0.7663921963682204,-0.037098960493880104,0.26635981735799646,0.5103103630798289,1.1416393558053768,1.0164434759804213,-0.14510328920809168,-0.9154610520175628,-0.5902921612902812,-0.5155944540639847
-0.11060369896907037,-0.13516309988172603,1.0864270027551421,-0.4354687059342788,-1.02047825446936,-0.6377270077659473,-0.7300490312957046,-0.062478302404574616,-0.8283370425605249,0.5918882832860117,1.3139900038187389,1.9656629303705118,1.2407573496380233,1.53205063790872,1.5711144577547937,-1.384695538064906,-0.11955283876690374,-0.10986509573212494,-1.9407193278354196,-0.8266411841872232,-0.1057649685015731,-0.10389486579664946,-0.8662236469835065,-1.8607427990605065,-0.20588843281429872,-0.23069809892448626,-2.6319352828922926,1.6764297380643982,-0.14510328920809168,1.0590220855949029,3.092890593315939,-0.20742555849952668,-0.10206207261596575,2.311655251113366,1.2075566642795317,-0.7663921963682204,-0.9274740123470011,-1.2377897394871595,0.5103103630798289,-1.0950418310786265,1.0618077594272464,-0.14510328920809168,-0.9154610520175628,-0.5902921612902812,-0.1719784476530773
0.8140898883830815,0.6560355335722788,0.8256845220939081,0.5367404980120181,1.2846020379790766,0.6648643272453493,0.11434502899812227,0.7799591044986464,1.04484322962047,0.22909403322311425,-1.3091448663866583,-0.5477674638431043,-0.08987362346002435,-0.4559525372428328,-0.5557801893967629,0.9154145937902257,-0.09625608791532408,-0.10153649223367114,1.0886962082979184,0.5889317645017214,-0.10544014842445137,-0.10377849659413128,0.3389570792544156,-0.01349931647079862,-0.19823031454662232,-0.22404829153144146,0.375990754698899,-0.5902921612902812,-0.14510328920809168,-0.9344312519955026,-0.31995419930854546,-0.20742555849952668,-0.10206207261596575,-0.42808430576173445,-1.528248059714268,1.5692792592301656,1.7436511432123618,1.7705093742031526,0.5103103630798289,1.1416393558053768,-0.7073992949989266,-0.14510328920809168,-0.9154610520175628,0.8264090258063934,0.6297922339723725
0.07083200101166955,0.023076626809074956,-0.4780278812122625,-0.5850393526952476,0.5162419404962645,-0.20352989609551508,0.9587390892919492,0.04812338934680391,0.7170449513701842,0.053193790768376055,-0.24366534178776508,0.2455340043305684,-0.5074652586344116,-0.003168895927176654,-0.1272267903438373,0.2682649634716633,-0.11661291291074764,-0.10864156692695173,1.0886962082979184,-0.2817791435597806,-0.10575895533959341,-0.1038923904739585,0.3389570792544156,0.6523675202766542,-0.1496555158220763,-0.17407073489676583,0.375990754698899,-0.5902921612902812,-0.14510328920809168,-0.9344312519955026,-0.31995419930854546,-0.20742555849952668,-0.10206207261596575,-0.42808430576173445,-0.2734804795366606,0.4014435314309726,-0.9274740123470011,0.26635981735799646,0.5103103630798289,0.023298762363375074,-0.9795849956798764,-0.14510328920809168,-0.06221579965167908,0.8264090258063934,0.23708822664562212
-0.9977943931962995,-0.9263617333357309,-0.21728540055102835,-0.884180646217185,-1.02047825446936,-1.0719241194363793,0.11434502899812227,-0.9727175126802873,-1.2469331284593501,0.15213767714916623,-0.9305480809961886,0.26909741427632106,0.42680755226421746,0.19492394714842293,-0.03992887572194506,1.141527115226832,-0.08960117046877153,-0.09376167689307315,1.0886962082979184,1.7587826164371132,-0.07270925368702158,-0.08611054818277794,1.5441378054923378,-0.3571725225340001,-0.20420528978860195,-0.22849327376348785,0.375990754698899,1.6764297380643982,-0.14510328920809168,-0.9344312519955026,-0.31995419930854546,-0.20742555849952668,-0.10206207261596575,-0.42808430576173445,-0.451753469070091,-0.7663921963682204,-0.9274740123470011,-1.2377897394871595,-1.9391793797033494,-1.0950418310786265,1.0164434759804213,-0.14510328920809168,-0.9154610520175628,-2.0069933483869558,-1.1046504650541125
0.7308417080398456,0.9725149869538808,-0.21728540055102835,0.3871698512510492,0.5162419404962645,-0.20352989609551508,0.11434502899812227,1.126595824240515,-0.10575849681103128,-0.17767527745346776,0.27014458124215807,-1.0818714226134976,-0.2951305288847232,-0.5337747255939611,-0.38118436015297835,-0.5036364028119236,-0.11923257731335182,-0.10975003623019304,-0.42601155976875066,-0.2497284352875781,-0.10575692308377994,-0.10389197913001179,0.3389570792544156,-0.39297181483225013,-0.2036677920157879,-0.2287440163509366,0.375990754698899,-0.5902921612902812,-0.14510328920809168,1.0590220855949029,-0.31995419930854546,-0.20742555849952668,-0.10206207261596575,-0.42808430576173445,-0.074637529672449,1.5692792592301656,1.7436511432123618,0.26635981735799646,0.5103103630798289,0.023298762363375074,-0.9795849956798764,-0.14510328920809168,-0.06221579965167908,0.8264090258063934,0.3189015615053617
-0.33139683074574583,-0.451642553263328,-0.4780278812122625,0.5367404980120181,-0.25211815698654777,-0.20352989609551508,0.11434502899812227,-0.5074276370365572,-0.022237744784596156,0.21260338549298255,0.6000646370824245,0.37120552404124924,0.0375272143897887,0.5911096332996221,0.45211391578326576,-0.4178695843359692,-0.1192222596118843,-0.1097150932398982,-0.42601155976875066,-0.6450205039780756,-0.10576430351660124,-0.10389455123951374,-0.8662236469835065,0.5020104926240037,-0.17365541637563478,-0.1953838548299114,0.375990754698899,-0.5902921612902812,-0.14510328920809168,1.0590220855949029,-0.31995419930854546,-0.20742555849952668,-0.10206207261596575,-0.42808430576173445,0.6521677353484605,-0.7663921963682204,-0.9274740123470011,0.26635981735799646,0.5103103630798289,0.023298762363375074,-0.9795849956798764,-0.14510328920809168,0.7910294527142046,-0.5902921612902812,-0.10652777976528534
-0.2385668672689449,-0.29340282657252703,-0.21728540055102835,-0.5850393526952476,0.5162419404962645,-0.20352989609551508,-0.7300490312957046,-0.314616258696031,-0.1922562261374182,0.3005535067203516,-0.6222621271782347,0.33193317413166146,0.030449390064799076,0.3788673014329082,0.0632413870130185,0.7282869898426896,-0.10874050669102733,-0.10506961680792541,1.0886962082979184,0.7278181670145988,-0.10529608978450984,-0.10368654912369503,0.3389570792544156,-0.4216112486708503,-0.20423528966429388,-0.22891497720601534,0.375990754698899,-0.5902921612902812,-0.14510328920809168,-0.9344312519955026,-0.31995419930854546,-0.20742555849952668,-0.10206207261596575,-0.42808430576173445,-0.4860367362880577,-0.7663921963682204,-0.9274740123470011,0.26635981735799646,0.5103103630798289,0.023298762363375074,-0.9795849956798764,-0.14510328920809168,-0.9154610520175628,0.8264090258063934,-0.27015444948476597
0.16366196448847045,0.18131635349987593,1.0864270027551421,-0.7346099994562161,0.13206189175485836,0.2306672155749171,0.11434502899812227,0.09219456153892436,0.21525888870047405,0.372012980217589,0.27014458124215807,-0.46922276402392865,0.4692744982141552,-0.5549989587806325,0.07117756106955417,-0.4022756173403412,-0.11915674220756553,-0.1097044162150859,-0.42601155976875066,-0.4633998237689282,-0.10576254394321337,-0.10389389550886931,-0.8662236469835065,-0.06361832568834873,-0.20010530677736907,-0.22500567231988222,0.375990754698899,-0.5902921612902812,-0.14510328920809168,1.0590220855949029,-0.31995419930854546,-0.20742555849952668,-0.10206207261596575,-0.42808430576173445,0.15163203396613598,0.4014435314309726,-0.037098960493880104,0.26635981735799646,0.5103103630798289,0.023298762363375074,-0.9795849956798764,-0.14510328920809168,-0.9154610520175628,0.8264090258063934,0.20436289270172542
-0.33119077089341065,-0.13516309988172603,0.8256845220939081,-0.36068338255379434,-0.6362982057279538,-1.0719241194363793,-0.7300490312957046,0.07905796213550383,-1.1061882572227242,0.6908321696668019,1.551965126064177,1.9106816404970892,1.375236011812826,1.4754526827442629,1.6742847204897573,-1.4314774390517904,-0.1195561920198807,-0.10986615372821996,-1.9407193278354196,-0.8854008160195946,-0.10576511899140234,-0.10389492120709873,-0.8662236469835065,-1.767664639085056,-0.20588348283480956,-0.23069183035980004,-2.6319352828922926,1.6764297380643982,-0.14510328920809168,1.0590220855949029,3.092890593315939,4.770787845489114,9.695896898516747,2.311655251113366,1.5092494157976453,-0.7663921963682204,-0.9274740123470011,-1.2377897394871595,-1.9391793797033494,-1.0950418310786265,1.0618077594272464,-0.14510328920809168,-0.9154610520175628,-0.5902921612902812,-0.695583790755413
-0.9914065377739224,-0.9263617333357309,-0.4780278812122625,1.2845937318168617,-1.404658303210766,-1.0719241194363793,-1.5744430915895316,-0.9951768600474256,-0.9998440125633228,-3.189966929490859,0.4269918209039241,-1.529576211582798,0.4692744982141552,-1.07853004405186,-1.246227332315365,-0.12158421141903704,-0.11885701297993398,-0.10948796380298186,-0.42601155976875066,0.19898148052325734,-0.10572556460483552,-0.10387366222603281,0.3389570792544156,1.8194244491996094,1.6615869790792912,2.196928377238142,0.375990754698899,-0.5902921612902812,-0.14510328920809168,1.0590220855949029,-0.31995419930854546,-0.20742555849952668,-0.10206207261596575,-0.42808430576173445,0.7618741904459557,-0.7663921963682204,-0.037098960493880104,-1.2377897394871595,-1.9391793797033494,-1.0950418310786265,1.0164434759804213,-0.14510328920809168,-0.06221579965167908,-0.5902921612902812,0.33526422847730936
1.3291364892937676,0.9725149869538808,-0.4780278812122625,-0.13632741241234145,0.9004219892376706,1.5332585505862135,0.9587390892919492,0.8032659744079399,2.1997450343741236,0.02021249530811262,0.04839503551345439,-1.1368527124869205,-0.6560995694591936,-1.6020611293230875,-0.7224398445840117,-0.5192303698075516,-0.11920729894475639,-0.10975391878467025,-0.42601155976875066,-1.585174613296016,-0.1057655363755868,-0.10389511480491741,-2.0714043732214287,1.5401899692732581,1.0465895273943548,0.7619969336108533,0.375990754698899,-0.5902921612902812,-0.14510328920809168,1.0590220855949029,-0.31995419930854546,-0.20742555849952668,-0.10206207261596575,-0.42808430576173445,-0.5203200035060256,1.5692792592301656,1.7436511432123618,0.26635981735799646,0.5103103630798289,1.1416393558053768,-0.9795849956798764,-0.14510328920809168,2.497519957445972,0.8264090258063934,1.1533975770747082
1.4223785724752376,1.1307547136446818,0.8256845220939081,-0.5850393526952476,1.2846020379790766,1.0990614389157813,0.9587390892919492,1.2799974043707785,1.9243746341285513,0.47645374917508976,0.11870586708597018,0.7560745531552092,-0.7268778127090896,1.6664707814243054,0.5314756563486224,-0.6517790892703896,-0.1193218254310459,-0.10979313258488997,-0.42601155976875066,-1.4676553496312736,-0.10576551618165245,-0.1038951084653813,-2.0714043732214287,-0.45741054096910067,-0.2038402913010166,-0.22910873284177122,0.375990754698899,-0.5902921612902812,-0.14510328920809168,1.0590220855949029,-0.31995419930854546,-0.20742555849952668,-0.10206207261596575,-0.42808430576173445,-0.49289338973165225,1.5692792592301656,0.8532760913592409,1.7705093742031526,0.5103103630798289,0.023298762363375074,-0.9795849956798764,-0.14510328920809168,0.7910294527142046,0.8264090258063934,0.9079575724954879
-0.5891777060165071,-0.451642553263328,-0.21728540055102835,-1.1085366163586379,-0.6362982057279538,-0.6377270077659473,0.9587390892919492,-0.38157053952636794,-0.49392325919923485,0.3170441544504833,-0.7682923158288445,0.26124294429440353,0.1720058765645914,0.15247548077508016,-0.008184179495802421,0.8686326928033419,-0.104613426104018,-0.10265272664586686,1.0886962082979184,1.0803759580088266,-0.10377189792441417,-0.10293451560233746,1.5441378054923378,0.2943745972941527,-0.1904803466595357,-0.2127078881445538,0.375990754698899,-0.5902921612902812,-0.14510328920809168,-0.9344312519955026,-0.31995419930854546,-0.20742555849952668,-0.10206207261596575,-0.42808430576173445,-0.472323429400871,-0.7663921963682204,-0.9274740123470011,0.26635981735799646,0.5103103630798289,0.023298762363375074,1.0164434759804213,-0.14510328920809168,-0.9154610520175628,-0.5902921612902812,0.008010889038349511
-0.2690637254144864,-0.451642553263328,-1.781740284518433,2.2568029357631585,-0.25211815698654777,0.6648643272453493,1.803133149585776,-0.2578322483715689,0.12594956970191032,-0.19416592518359946,-1.8499974169444722,-0.744129213391043,-0.3092861775347024,-1.7718549948164584,-1.2224188101457583,1.8822405475191626,0.20079053733467309,0.03378023768302895,-1.9407193278354196,1.7694661858611807,-0.06409146004766214,-0.08523946688390818,1.5441378054923378,1.2967547816451572,0.20909299766080325,0.21948115349441996,0.375990754698899,-0.5902921612902812,-0.14510328920809168,-0.9344312519955026,-0.31995419930854546,-0.20742555849952668,-0.10206207261596575,-0.42808430576173445,-1.5762446338194214,-0.7663921963682204,-0.037098960493880104,0.26635981735799646,0.5103103630798289,1.1416393558053768,1.0164434759804213,-0.14510328920809168,-0.9154610520175628,-0.5902921612902812,1.186122911018605
-2.662654970134842,-2.666998726934542,-1.781740284518433,2.1072322890021895,-1.404658303210766,-1.0719241194363793,0.9587390892919492,-2.7957385008581825,-1.248256229481551,-0.595438353283471,-2.3583988144688175,-1.5767030314743031,-2.538800839906431,-0.6540453803184324,-1.9049297790078248,3.3090885276191258,9.682242300915254,9.693575776962845,-1.9407193278354196,3.2224316275343616,9.69536690084841,9.695769487583414,-0.8662236469835065,1.6261082707890586,0.33659246935158277,1.07998412405725,0.375990754698899,-0.5902921612902812,-0.14510328920809168,-0.9344312519955026,-0.31995419930854546,-0.20742555849952668,-0.10206207261596575,-0.42808430576173445,-1.0619956255499101,-0.7663921963682204,-0.037098960493880104,-1.2377897394871595,-1.9391793797033494,1.1416393558053768,1.0164434759804213,-0.14510328920809168,-0.9154610520175628,-0.5902921612902812,-3.9517545181730607
-0.8119284063903626,-0.9263617333357309,-0.21728540055102835,-1.1833219397391224,-1.02047825446936,-1.0719241194363793,0.11434502899812227,-0.8549118793205813,-0.8285024301882998,0.1411439119957451,-0.9684077595352356,0.1984071844390631,0.25693976846446676,0.15247548077508016,-0.11929061628730164,1.0869482307421339,-0.09264489240169092,-0.09609120957939464,1.0886962082979184,1.5130605196835605,-0.09367493074994081,-0.09770076879829499,1.5441378054923378,-0.22829507026029944,-0.20318029403579374,-0.2273535347296298,0.375990754698899,1.6764297380643982,-0.14510328920809168,-0.9344312519955026,-0.31995419930854546,-0.20742555849952668,-0.10206207261596575,-0.42808430576173445,-0.5614599241675868,-0.7663921963682204,-0.9274740123470011,-1.2377897394871595,0.5103103630798289,-1.0950418310786265,1.0164434759804213,-0.14510328920809168,-0.9154610520175628,-0.5902921612902812,-0.48286912012008953
0.07474713820602959,0.023076626809074956,1.0864270027551421,-0.4354687059342788,-1.02047825446936,-0.20352989609551508,-0.7300490312957046,-0.06417334748888659,-0.8283370425605249,0.6578508742065385,1.4113434629191453,2.405513249357895,1.5097146739876284,1.8433393913132337,1.840944375677006,-1.5562291750168145,-0.11956062863151172,-0.10986868709501633,-1.9407193278354196,-0.9281350937158648,-0.10576516143725159,-0.10389495677625178,-0.8662236469835065,-2.0468991190114076,-0.2058956827842576,-0.23070613408467497,-2.6319352828922926,-0.5902921612902812,-0.14510328920809168,1.0590220855949029,3.092890593315939,-0.20742555849952668,-0.10206207261596575,2.311655251113366,1.2144133177231258,-0.7663921963682204,-0.9274740123470011,-1.2377897394871595,0.5103103630798289,-1.0950418310786265,1.0618077594272464,-0.14510328920809168,-0.9154610520175628,-0.5902921612902812,-0.12289044673723443
-0.8777645292113122,-0.7681220066449299,-0.21728540055102835,-0.13632741241234145,-0.6362982057279538,-1.0719241194363793,-0.7300490312957046,-0.5875185172703142,-1.054421929729112,0.1411439119957451,1.6276844831422708,0.5361493936615178,0.42680755226421746,0.9660710862641498,0.9362205332319409,-1.181973967121742,-0.11954159247230416,-0.10985738886148769,-0.42601155976875066,-0.9975782949723034,-0.10576532607569723,-0.10389499960441564,-0.8662236469835065,-0.5719682763235009,-0.20502528639084852,-0.22960451932149945,0.375990754698899,1.6764297380643982,-0.14510328920809168,-0.9344312519955026,-0.31995419930854546,-0.20742555849952668,-0.10206207261596575,-0.42808430576173445,1.7972288604285716,-0.7663921963682204,-0.9274740123470011,-1.2377897394871595,-1.9391793797033494,-1.0950418310786265,1.0618077594272464,-0.14510328920809168,-0.06221579965167908,-0.5902921612902812,-0.6628584568115178
2.0508611220961988,2.2384328004802887,1.0864270027551421,-0.21111273579282547,1.6687820867204828,1.5332585505862135,0.9587390892919492,2.2025256915077565,1.368341429548602,-0.1391970994164938,-0.40051258144953106,-1.7652103110403246,-0.40129789375956737,-1.5879116405319733,-0.968461240336617,-0.4100726008381554,-0.11900661965121306,-0.1097092694081824,-0.42601155976875066,-0.5595519485855356,-0.105762762603649,-0.10389430685281602,-0.8662236469835065,-0.15669648566379937,-0.1998553078132695,-0.22644174350254334,0.375990754698899,-0.5902921612902812,-0.14510328920809168,1.0590220855949029,-0.31995419930854546,-0.20742555849952668,-0.10206207261596575,-0.42808430576173445,-1.2128420013089671,1.5692792592301656,2.6340261950654824,1.7705093742031526,0.5103103630798289,2.2599799492473784,-0.9795849956798764,-0.14510328920809168,-0.06221579965167908,0.8264090258063934,1.4315629155978238
0.988622583310608,0.8142752602630798,1.0864270027551421,-0.7346099994562161,0.9004219892376706,1.5332585505862135,0.9587390892919492,0.5384151799841413,1.253066252989344,-0.5514632926697863,-0.31397617336028083,-0.28071548445790745,-0.06864015048505552,-1.7577055060253441,-0.7224398445840117,-0.12938119491685124,-0.11848557572710312,-0.10949767018917486,-0.42601155976875066,-0.5702355180096034,-0.10576331568592734,-0.10389434314787013,-0.8662236469835065,0.45189148340645335,-0.17015543087824087,-0.20062665438565844,0.375990754698899,-0.5902921612902812,-0.14510328920809168,1.0590220855949029,-0.31995419930854546,-0.20742555849952668,-0.10206207261596575,-0.42808430576173445,-0.7054496464830493,1.5692792592301656,0.8532760913592409,0.26635981735799646,0.5103103630798289,1.1416393558053768,-0.9795849956798764,-0.14510328920809168,-0.06221579965167908,0.8264090258063934,0.7770562367199054
-0.6506865719384276,-0.6098822799541289,-1.781740284518433,2.1072322890021895,-0.6362982057279538,-0.6377270077659473,0.11434502899812227,-0.3324142320813104,-0.8706762752709553,0.3775098627942996,-1.2766937133531895,-0.5791853437707745,0.04460503871477832,-0.48425151482506135,-0.4843546228879419,1.4923913726284623,-0.028262435244345224,-0.06493370989984458,1.0886962082979184,1.8549347412537207,-0.05007146741049529,-0.07655285059795697,-0.8662236469835065,1.246635772427607,0.11659338094396324,0.15337628953065288,0.375990754698899,-0.5902921612902812,-0.14510328920809168,-0.9344312519955026,-0.31995419930854546,-0.20742555849952668,-0.10206207261596575,-0.42808430576173445,-0.904292596347261,-0.7663921963682204,-0.037098960493880104,-1.2377897394871595,0.5103103630798289,0.023298762363375074,1.0164434759804213,-0.14510328920809168,-0.9154610520175628,-0.5902921612902812,1.120672243130813
-0.8367586185966991,-0.7681220066449299,-0.21728540055102835,0.08802855772911188,-1.02047825446936,-0.6377270077659473,0.9587390892919492,-0.7468527551956714,-0.49392325919923485,-0.10071892137951985,-1.0765782696467983,-0.27286101447599,-0.05448450183507628,-0.36398086010059016,-0.5002269710010132,1.203902983209344,-0.08191448287546663,-0.09046150558745103,1.0886962082979184,1.3955412560188178,-0.09848546033370263,-0.10014463577567959,1.5441378054923378,0.42325204956785323,-0.1842303725570465,-0.2037039497770752,0.375990754698899,-0.5902921612902812,-0.14510328920809168,-0.9344312519955026,-0.31995419930854546,-0.20742555849952668,-0.10206207261596575,-0.42808430576173445,-0.6505964189343014,-0.7663921963682204,-0.037098960493880104,0.26635981735799646,0.5103103630798289,0.023298762363375074,1.0164434759804213,-0.14510328920809168,-0.9154610520175628,-0.5902921612902812,-0.8919357944187889
0.1947770021910162,0.3395560801906769,-0.21728540055102835,0.6863111447729869,1.2846020379790766,0.2306672155749171,-0.7300490312957046,0.2820396109819038,-0.4228065792559336,1.119589010650226,1.443794615952614,0.724656673227539,0.5754418630889995,0.42131576780625096,1.1108163624757252,-1.228755868108626,-0.1195378265112685,-0.10985962133031207,-0.42601155976875066,-1.2379586070138224,-0.1057654565002159,-0.10389508017943577,-0.8662236469835065,-0.6220872855410514,-0.20494278673269567,-0.22977206095947658,0.375990754698899,-0.5902921612902812,-0.14510328920809168,1.0590220855949029,-0.31995419930854546,-0.20742555849952668,-0.10206207261596575,2.311655251113366,1.2007000108359385,-0.7663921963682204,-0.9274740123470011,1.7705093742031526,0.5103103630798289,0.023298762363375074,1.0164434759804213,-0.14510328920809168,0.7910294527142046,0.8264090258063934,0.5316162321406852
-0.0725856562133106,0.023076626809074956,-1.781740284518433,2.855085522807034,0.13206189175485836,-0.6377270077659473,-2.4188371518833587,0.5066330846532854,-1.2290712646596373,1.652786620591151,1.676361212692474,1.5572304913107993,1.84945024158713,1.6593960370287484,2.063157249260004,-1.3613045875714644,-0.11955092999213225,-0.10986437745954664,-0.42601155976875066,-0.9281350937158648,-0.10576517429963016,-0.10389495653428474,-0.8662236469835065,-0.31421337177609987,-0.2034177930516883,-0.22813995466299183,0.375990754698899,1.6764297380643982,-0.14510328920809168,-0.9344312519955026,3.092890593315939,-0.20742555849952668,-0.10206207261596575,2.311655251113366,1.5161060692412385,-0.7663921963682204,-0.9274740123470011,-1.2377897394871595,-1.9391793797033494,-1.0950418310786265,1.0164434759804213,-0.14510328920809168,2.497519957445972,0.8264090258063934,0.8752322385515927
-0.06320993293207962,-0.29340282657252703,0.8256845220939081,-0.36068338255379434,0.13206189175485836,0.6648643272453493,-0.7300490312957046,-0.44471096891700146,0.7741036829526005,0.02021249530811262,-0.36265290291048413,-0.7834015633006308,-0.34467529915965045,-0.6398958915273182,-0.4843546228879419,0.27606194696947733,-0.11661291291074764,-0.10861244776837271,1.0886962082979184,-0.1963105881672405,-0.10575637000150159,-0.10389120483552391,0.3389570792544156,0.5879287941398041,-0.1611554681706564,-0.1844423601048741,0.375990754698899,-0.5902921612902812,-0.14510328920809168,1.0590220855949029,-0.31995419930854546,-0.20742555849952668,-0.10206207261596575,-0.42808430576173445,-0.3214770536418152,0.4014435314309726,-0.037098960493880104,0.26635981735799646,0.5103103630798289,0.023298762363375074,-0.9795849956798764,-0.14510328920809168,-0.9154610520175628,0.8264090258063934,-0.3683304513164532
0.7517567830518227,0.4977958068814779,-0.4780278812122625,0.9854524382949247,1.6687820867204828,1.5332585505862135,0.9587390892919492,0.3790809420587835,1.4989976554909454,-0.09522203880280929,-2.152874845256848,-1.4824493916912929,-2.0575087858071375,-1.4747157302030591,-1.7541424719336471,1.8510526135279064,0.2384501476911333,0.02019129701282021,-1.9407193278354196,1.1444773745532317,-0.102215550117903,-0.10261027978553595,1.5441378054923378,1.1678773293714566,0.1390932877129243,0.07131507909287305,0.375990754698899,-0.5902921612902812,-0.14510328920809168,-0.9344312519955026,-0.31995419930854546,-0.20742555849952668,-0.10206207261596575,-0.42808430576173445,-2.268766631622364,1.5692792592301656,0.8532760913592409,1.7705093742031526,0.5103103630798289,2.2599799492473784,-0.9795849956798764,-0.14510328920809168,-0.06221579965167908,0.8264090258063934,1.038858908271072
-0.8367586185966991,-0.7681220066449299,-1.781740284518433,0.08802855772911188,-0.6362982057279538,-0.6377270077659473,0.11434502899812227,-0.7536329355329205,-0.6758496497518655,0.2016096203395614,-1.2280169838029862,-0.09220820489188628,-0.24558575860979587,-0.48425151482506135,-0.4922907969444776,1.5313762901175323,-0.020524159143702713,-0.05881868659825065,1.0886962082979184,1.6733140610445731,-0.08158429489770518,-0.091433822786982,1.5441378054923378,1.239475913967957,0.0990934534569935,0.14881733339522066,0.375990754698899,-0.5902921612902812,-0.14510328920809168,-0.9344312519955026,-0.31995419930854546,-0.20742555849952668,-0.10206207261596575,-0.42808430576173445,-0.7877294878061718,-0.7663921963682204,-0.037098960493880104,0.26635981735799646,0.5103103630798289,0.023298762363375074,1.0618077594272464,-0.14510328920809168,-0.06221579965167908,-0.5902921612902812,0.41707756333704893
-0.22898508413537938,-0.13516309988172603,-0.4780278812122625,-0.884180646217185,0.5162419404962645,0.6648643272453493,0.11434502899812227,-0.5014949792414641,0.18085826212324962,0.47645374917508976,-0.08681810212599908,-0.46136829404201113,-1.1161581505835183,-0.7318675686695607,-0.39705670826604966,0.2682649634716633,-0.11684506119376692,-0.10866097969933773,1.0886962082979184,-0.07879132450249784,-0.1057507748668253,-0.10388854319822183,0.3389570792544156,0.616568227978404,-0.1581554806014616,-0.17942750835589866,0.375990754698899,-0.5902921612902812,-0.14510328920809168,-0.9344312519955026,-0.31995419930854546,-0.20742555849952668,-0.10206207261596575,-0.42808430576173445,-0.006070995236514413,0.4014435314309726,-0.037098960493880104,0.26635981735799646,0.5103103630798289,0.023298762363375074,-0.9795849956798764,-0.14510328920809168,0.7910294527142046,0.8264090258063934,0.040736222982246224
0.7002418199681374,0.8142752602630798,1.0864270027551421,-0.5102540293147633,0.13206189175485836,-0.20352989609551508,-0.7300490312957046,0.8719153003225889,0.31978386945434945,-1.6893179860488738,0.15656554562501715,-0.8540917931378886,-0.08987362346002435,1.036818530219721,-0.40499288232258535,-0.5270273533053654,-0.11925321271628686,-0.10975683070052815,-0.42601155976875066,-0.4206655460726581,-0.10576147636579239,-0.1038936293451391,-0.8662236469835065,-0.8512027562498523,-0.20539028487843392,-0.23025872952693396,0.375990754698899,-0.5902921612902812,-0.14510328920809168,-0.9344312519955026,-0.31995419930854546,-0.20742555849952668,-0.10206207261596575,-0.42808430576173445,-0.1637740244391648,1.5692792592301656,1.7436511432123618,0.26635981735799646,0.5103103630798289,0.023298762363375074,-0.7073992949989266,-0.14510328920809168,1.6442747050800883,0.8264090258063934,0.49889089819678856
0.33870980904683334,0.3395560801906769,0.8256845220939081,-0.36068338255379434,0.13206189175485836,1.0990614389157813,0.11434502899812227,0.16550526143543215,0.9298988283167621,0.4709568665983792,-0.46000636201089057,-0.9640543728847345,-1.2010920424833937,-0.632821147131761,-0.6113334077925124,0.20588909548915119,-0.11698950901431225,-0.10885510742319786,1.0886962082979184,-0.20165237287927415,-0.10575580405684468,-0.10389130162233491,0.3389570792544156,0.5378097849222538,-0.1641554557398512,-0.19105284650125082,0.375990754698899,-0.5902921612902812,-0.14510328920809168,1.0590220855949029,-0.31995419930854546,-0.20742555849952668,-0.10206207261596575,-0.42808430576173445,-0.5751732310547736,0.4014435314309726,-0.037098960493880104,0.26635981735799646,0.5103103630798289,0.023298762363375074,-0.9795849956798764,-0.14510328920809168,0.7910294527142046,0.8264090258063934,0.3025388945334141
0.08134105348074117,-0.13516309988172603,0.8256845220939081,0.013243234348627436,0.13206189175485836,0.6648643272453493,-0.7300490312957046,-0.23410161719119638,0.7741036829526005,-0.012768800152150693,-0.31397617336028083,-0.5399129938611867,-0.1606518667099205,-0.29323341614501885,-0.3097587936441574,0.17470116149789514,-0.11733515201347428,-0.10894634745341211,-0.42601155976875066,-0.2443866505755442,-0.10575791348692955,-0.10389195493330906,0.3389570792544156,0.32301403113275284,-0.1863803636483028,-0.21111225349715254,0.375990754698899,-0.5902921612902812,-0.14510328920809168,1.0590220855949029,-0.31995419930854546,-0.20742555849952668,-0.10206207261596575,-0.42808430576173445,-0.33519036052900186,0.4014435314309726,-0.037098960493880104,0.26635981735799646,0.5103103630798289,0.023298762363375074,-0.9795849956798764,-0.14510328920809168,-0.9154610520175628,0.8264090258063934,-0.1556157806811297
0.957816635386564,0.9725149869538808,-0.21728540055102835,0.3871698512510492,0.5162419404962645,0.2306672155749171,0.11434502899812227,1.1071028057709231,0.31515301587664607,0.3555223324874573,-0.09763515313715534,-0.22573419458448463,-0.3234418261846816,-1.5666874073453017,-0.39705670826604966,-0.2775238813753173,-0.11887764838286902,-0.10963161831863837,-0.42601155976875066,-0.15891809518300432,-0.10575218972846757,-0.10389045473773878,0.3389570792544156,0.08673870196430192,-0.19490532832409804,-0.22142689175356794,0.375990754698899,-0.5902921612902812,-0.14510328920809168,1.0590220855949029,-0.31995419930854546,-0.20742555849952668,-0.10206207261596575,-0.42808430576173445,-0.49975004317524563,1.5692792592301656,1.7436511432123618,0.26635981735799646,0.5103103630798289,0.023298762363375074,-0.9795849956798764,-0.14510328920809168,-0.9154610520175628,0.8264090258063934,0.6461549009443216
0.7609264464807186,0.9725149869538808,1.0864270027551421,-0.5850393526952476,0.9004219892376706,1.9674556622566457,0.9587390892919492,0.3828947934984864,0.7190296029034857,0.1576345597258768,-0.31397617336028083,-0.9247820229751467,-0.02617320453511781,-1.2695481427319024,-0.5319716672271559,-0.020223425947455038,-0.11812445617573981,-0.10935013311904117,-0.42601155976875066,-0.20699415759130801,-0.1057552638369449,-0.1038913984091459,0.3389570792544156,0.44473162494680335,-0.1721554225910374,-0.20119652390258747,0.375990754698899,-0.5902921612902812,-0.14510328920809168,1.0590220855949029,-0.31995419930854546,-0.20742555849952668,-0.10206207261596575,-0.42808430576173445,-0.6163131517163347,1.5692792592301656,0.8532760913592409,0.26635981735799646,0.5103103630798289,1.1416393558053768,-0.9795849956798764,-0.14510328920809168,0.7910294527142046,0.8264090258063934,0.7116055688321136
0.5256060951144436,0.4977958068814779,-1.781740284518433,2.2568029357631585,0.9004219892376706,-0.20352989609551508,-1.5744430915895316,1.110492895939547,-0.4760613953995218,1.691264798628125,1.2274535957294885,0.6696753833541161,1.3893916604628052,1.4896021715353773,1.6266676761505432,-1.135192066134858,-0.11952250472458924,-0.10985467107335364,-0.42601155976875066,-0.9762111561241684,-0.1057652090280523,-0.10389498944180049,-0.8662236469835065,0.05809926812570176,-0.19670532086561493,-0.22228169602896147,0.375990754698899,-0.5902921612902812,-0.14510328920809168,-0.9344312519955026,-0.31995419930854546,-0.20742555849952668,-0.10206207261596575,2.311655251113366,0.8715806455434515,-0.7663921963682204,0.8532760913592409,0.26635981735799646,0.5103103630798289,0.023298762363375074,1.0164434759804213,-0.14510328920809168,0.7910294527142046,0.8264090258063934,1.971530925672107
-0.5887655863118374,-0.451642553263328,-0.21728540055102835,0.7610964681534714,-1.7888383519521722,-1.0719241194363793,-0.7300490312957046,0.03032541596152513,-1.2052554462600202,0.6523539916298279,-1.0279015400965952,0.2141161244028982,0.8160878901386464,0.49913795615737944,0.22196486814373168,0.9543995112792958,-0.10058952253168388,-0.1006920366348796,1.0886962082979184,1.828225817693552,-0.05560229019396478,-0.07969842195498665,-0.8662236469835065,-0.6578865778393014,-0.20518278573823126,-0.22987121825542225,0.375990754698899,1.6764297380643982,-0.14510328920809168,1.0590220855949029,-0.31995419930854546,-0.20742555849952668,-0.10206207261596575,-0.42808430576173445,-0.7054496464830493,-0.7663921963682204,-0.9274740123470011,-1.2377897394871595,-1.9391793797033494,-1.0950418310786265,1.0164434759804213,-0.14510328920809168,-0.9154610520175628,-0.5902921612902812,-0.48286912012008953
-1.6618222673450034,-1.717560366789736,-1.781740284518433,1.8080909954802526,-1.7888383519521722,-1.0719241194363793,-0.7300490312957046,-1.7210799174041749,-1.2528870830592542,0.2181002680696931,0.14574849461386089,0.25338847431248596,0.0375272143897887,0.12417650319285163,0.190220171917589,0.5177684354017114,-0.11571011403233934,-0.10733120479089588,1.0886962082979184,0.65837496575816,-0.1055288988365582,-0.10373929793568215,0.3389570792544156,1.6117885538697585,0.5840914438101548,1.034394562702928,0.375990754698899,1.6764297380643982,-0.14510328920809168,1.0590220855949029,-0.31995419930854546,-0.20742555849952668,-0.10206207261596575,-0.42808430576173445,0.7824441507767363,-0.7663921963682204,-0.9274740123470011,-1.2377897394871595,-1.9391793797033494,-1.0950418310786265,1.0618077594272464,-0.14510328920809168,-0.9154610520175628,-2.0069933483869558,0.10618689087003819
-1.8476882541509403,-1.5593206400989348,1.3471694834163763,-2.305101790446388,-1.404658303210766,-1.9403183427772437,-2.4188371518833587,-1.4782647090764356,-2.3404761233084352,0.7238134651270655,1.4600201924693486,2.1855880898642033,2.118407565936735,1.5815738486776199,1.9044337681292913,-0.8856885942048097,-0.11951631410370872,-0.10983360821531482,-0.42601155976875066,0.04941150858631211,-0.10574961725275434,-0.10388384903788901,0.3389570792544156,-1.5886681775938054,-0.2058804078475511,-0.23067336658745155,-2.6319352828922926,1.6764297380643982,6.819854592780309,-0.9344312519955026,3.092890593315939,4.770787845489114,-0.10206207261596575,-0.42808430576173445,2.0440683843979373,-0.7663921963682204,-0.9274740123470011,-1.2377897394871595,-1.9391793797033494,-1.0950418310786265,1.0164434759804213,-0.14510328920809168,-0.9154610520175628,-2.0069933483869558,-3.575413177818257
0.6178178790342402,0.4977958068814779,0.8256845220939081,-1.2581072631196069,0.13206189175485836,0.2306672155749171,0.11434502899812227,0.7219038103609493,0.8890480842563078,0.7238134651270655,1.4600201924693486,0.8974550128297251,2.118407565936735,1.5815738486776199,1.9044337681292913,-0.8856885942048097,-0.11951631410370872,-0.10983360821531482,-0.42601155976875066,0.04941150858631211,-0.10574961725275434,-0.10388384903788901,0.3389570792544156,-1.5886681775938054,-0.2058804078475511,-0.23067336658745155,-2.6319352828922926,1.6764297380643982,6.819854592780309,-0.9344312519955026,3.092890593315939,4.770787845489114,-0.10206207261596575,-0.42808430576173445,2.0440683843979373,-0.7663921963682204,-0.9274740123470011,-1.2377897394871595,-1.9391793797033494,-1.0950418310786265,1.0164434759804213,-0.14510328920809168,-0.9154610520175628,-2.0069933483869558,-3.575413177818257
0.35962488405880927,0.6560355335722788,1.3471694834163763,-0.7346099994562161,-0.25211815698654777,-0.20352989609551508,-0.7300490312957046,0.5727398429414657,-0.575459359692368,1.020645124269436,1.4762457689860828,0.7482200831732917,1.5097146739876284,0.9660710862641498,1.4282633247371517,-1.6341990099949544,-0.11956284693732724,-0.10986989068690428,-1.9407193278354196,-1.1631736210453496,-0.10576541225363363,-0.10389506445157899,-0.8662236469835065,-1.9037019498184071,-0.205889182811191,-0.23070049237645737,-2.6319352828922926,-0.5902921612902812,-0.14510328920809168,1.0590220855949029,-0.31995419930854546,-0.20742555849952668,-0.10206207261596575,2.311655251113366,1.1595600901743777,-0.7663921963682204,-0.037098960493880104,0.26635981735799646,0.5103103630798289,0.023298762363375074,1.0164434759804213,-0.14510328920809168,-0.06221579965167908,-0.5902921612902812,0.49889089819678856
