PC1,PC2,PC3,PC4,PC5,PC6,PC7,PC8,PC9,PC10,PC11,PC12,PC13,PC14,PC15,PC16,PC17
-0.24721982172214516,0.17946778371409097,-1.4789264370168569,-1.2515004394917317,0.25081879217596525,1.0923473794383292,-0.7785881192482612,-0.4681565667507069,0.9378989014786732,0.23707032642168527,-0.07545215946223573,-1.7140573917399538,0.5133569581980468,0.2923078779212328,-0.1403711996770097,-0.6919411860817202,0.47533796909509096
1.377435542321662,-2.6961662809641176,-1.134436328101127,0.5013137139292674,-0.8381011955058244,-1.52711001738011,-0.8210452277578282,-0.8392207377938288,0.56801121989956,0.7678205103310399,-1.5248550027131054,-0.5120459953034134,-0.17002835578527603,-1.0070277987378102,0.5879350106080603,-1.1180806919325657,-0.28677859072209166
-1.040660227963351,3.587652147764956,0.38714705664759347,-0.8314939705666439,-0.9325469815144203,1.763624021307265,-0.6902408444677525,-0.632674793869229,0.576600783661041,0.6686681072370477,-0.20138487167937122,1.0863399361419457,-0.034021358677392165,0.22983182639942695,-0.07308483758190086,1.0311524077995282,0.4875937041544564
-5.960004924056668,-3.5549295896301936,1.3070849144455117,2.7513529458785135,0.20168636496966777,0.15571121627445675,1.1504456207582514,0.22373315616435607,-0.8574422431648716,0.9091828975420089,-0.26750382486670965,-0.07387123828043192,1.4167045559856541,0.0943448946561958,0.029547369595478743,0.2856659247129135,0.1662790728887971
2.3018654410071915,-2.0711509537152417,-1.0948094763089076,0.08228345926534916,-0.1296769425106071,-1.806910460045704,-1.0940778142764995,-0.577688981072848,0.5526831993838649,0.40575810490742975,-0.8846737265026661,0.5078409395784385,0.2818433404089936,0.8355019524811951,-0.05569335452033578,0.14670207230473314,-0.3987730663584681
-2.7092833557426057,2.0891627908961965,-1.0701192927883514,-1.4989827715485522,0.9925698794414787,1.227418168742428,-0.17967932830133257,-0.4574027111986691,-0.6313019393731851,-0.40134688030620985,0.01948118647117845,1.3635983575424473,0.17401775210183934,0.030124285504153595,0.08687550917246088,-0.5590654799169043,0.2817980840190445
3.9232774806265875,1.0547759725935444,-0.30235841187668966,-0.5146434121525255,1.5532940737041867,-0.5506947643672577,-0.788592954061192,-1.0876189843301605,0.9893454323032123,0.4912731541059411,-0.8613723978672166,0.09170260317207254,-0.11412845809150822,0.6041211727865662,-0.03205343223521433,0.32507923402740846,-0.2842296178292113
-0.4494825607605857,1.1803627125019658,-1.5891258322841293,-1.6647042265196592,2.2796859293621208,0.15371235630786784,-0.2989854555547688,-0.7795312225038956,-0.12135400538220935,-0.27321528017035285,0.3209356535550607,-1.1512709530740057,0.17859350375849767,-0.09944546241979126,-0.5293576980170746,0.4416963180965849,0.9639999888276932
-5.052680513675588,-1.3360263857573458,0.7660562551227759,2.555791300876697,0.8388744490042888,0.8686833260053978,4.884409796255087,-1.7698850964663715,2.3255763460295995,-2.151708483776424,-0.5070158862725344,-0.5702217846015063,0.02625290396298863,0.3786633585022516,0.6379714221916793,0.7150174507790007,-0.14277427257819822
-5.053147837370411,-3.0943323364427733,1.3462184682961054,0.0065353795457665925,-0.11468530319943028,0.6411431372960315,2.238162497047409,0.7937444374543489,-1.4414183414355113,1.2309230415359913,0.21762641616578898,-0.3178818517614787,0.7957644175817421,0.27306191755260567,-0.3939876214605062,0.5441102537128018,-0.681579059096661
-2.45359612167342,2.6607256527884386,-0.44267204189831877,-1.0115405552260353,1.338497663835516,-0.6080563081840393,0.232265368219414,0.11498002864548656,-0.31922727201893575,0.03525995374927047,0.717001016036367,-0.03830204507240129,0.41725438364581013,0.7019648863438908,-0.12669751602218232,-0.24849024003160283,-0.3625415697475016
-6.435620637873665,-2.265702573557797,1.7527601300766413,2.7620275492053272,0.5248981167177262,0.3136602724691526,0.7730497105565706,0.2728793987691094,-0.5172871590015343,1.1145173757785265,-0.4114837184054374,-0.3703946008428822,0.11657005346668248,0.9924950261174682,-0.0884247003969448,-0.2844068689413404,0.37410501474601265
-5.431703492068147,-1.4227351581562846,-0.5625761722473362,0.682916583804723,-0.7538144536001311,-0.9467742969273455,3.3804952818268412,-1.5903720475160952,2.862531265337937,-2.9994015684131603,0.8113016112043716,0.1972114939655152,-1.212775517513431,0.3621710225907826,0.8667423017741485,-0.06465982014550672,0.4001412268882029
-1.7608793628251644,2.2288632026028,-1.1836967660942543,-2.128789115652972,1.6898783480299862,1.5735441692179044,-0.26336605515125733,-0.9066349324446149,-0.6220575708555313,-0.24534625462267473,-0.26294306024635133,1.0667741360401917,-0.567805714206899,-0.3899858556312724,-0.3593148850910673,-0.0009489224952656272,0.5973089135466483
7.770748172034116,-5.043973420045613,-0.2949718927541474,1.963241394151525,0.6676980268522958,2.090783387325993,0.3978360964980144,0.10724269894203436,0.11009001209519544,-0.18115266537412528,-0.41662018231965214,0.3272778593402583,2.134701199217386,-0.40087158515989507,2.8861181066837,0.659082312757139,0.19661112405259404
-2.5841425445943593,2.965369703849789,0.11576434113719981,-0.6569717892417355,-1.6449417895875755,1.7884911855453143,-0.4537661710123201,-0.03475235532972288,0.253714126980647,0.5246220839996639,0.05384322314404516,1.3630408184757685,0.13148310870975713,0.4464181071767632,0.3572030850442033,0.5503701207808532,-0.011489956620724037
-1.8046107243117393,1.8556492663687114,-1.2055784163483612,-1.8374057786305418,1.8196203117211287,0.1284526560832807,0.31556753490264405,0.294191308821231,-0.5603895704037667,-0.27229837715805083,1.1354135506006815,-0.3794306292604899,-0.34499815387055877,0.7903524117373336,-0.3600412043806313,0.11818404556364498,0.19307147509683334
1.7340082115044289,-0.06920932563880515,-0.7838319496465612,-0.38699217247726797,2.006450868846937,-2.092336408123543,-0.8867726280584484,-1.300589977462295,0.3248416688227245,0.44468368936718033,-1.1465708205799865,0.6079335232449152,-0.2139212897277527,0.35188574784483767,-0.21620092009848196,0.9520428925830934,0.10575922243819792
-4.096521572660767,0.37408331565570296,-1.0403242285039282,-1.131099275766891,0.22745056878721204,-0.32104519902865714,0.1791009404514594,0.5356453132096592,-0.46968225596585533,0.049354343898176854,1.0023672428087138,0.09164245744942,0.010736149470187018,0.8953305611975167,0.12292612320049974,0.2387014697511584,-0.8402952083466826
8.54579460507177,-2.226662492909103,1.0063571549418955,1.2831967961045971,1.4653664545024145,1.392740757567332,2.5516481925923924,0.8986369739676575,-1.4706482693721206,0.4947229406057115,-0.07482431158900492,0.8523741160652571,1.1647476560408836,1.150155339209082,-0.9980649522664057,-0.37263805469981953,0.02805821007138146
-4.799974964965187,1.0047091225899067,-1.1502145380342825,-1.8657475886189752,1.6686616446757063,-0.9740403052502763,0.21927324262045403,6.92958736072629,2.8850379369300976,-0.6706675394007584,-2.629567328612161,0.772417504664699,0.08483125806212569,-0.6596396326133537,-0.37520522588450705,0.2802903709979325,0.19980227091483077
-3.5794558037608684,-1.8257560564658608,-2.208382508677889,-1.2850340046979647,0.3388888783441836,-0.4019869669671627,-0.7403302471869821,-0.35398705293470845,-0.2613870522385767,-0.11179367393792342,0.39800649196150806,-0.8960432761790751,0.17068819779929761,-0.15812553956437828,-0.5195426211430149,0.4533193229634314,0.12159179702731537
7.61334257419458,-5.301970682197126,-0.8370855173389282,1.30842616764047,0.023615922828216,1.640958063000278,0.7707621159624191,0.292886657331405,-0.2793037178585719,-0.006973347551184414,-0.5367330925670216,0.3946569699634304,1.756159067518608,0.43476057015657693,2.3655743034531245,0.38936961255948593,0.7259442562457619
13.96330594608391,7.319302406454384,2.3574613492201717,-2.0349248171269902,7.688609949855469,3.176514916943669,2.1898396946887932,-0.17445703726073808,-0.8676133144977253,-0.05020850065684246,0.022030141730812726,-0.9492853274239865,-3.586609378127081,1.4443988004736594,1.806970898133036,-1.7402476016133737,1.167404024570714
-1.464975881416569,3.717124921429777,0.42292279489401197,-0.782706876596336,-1.095825322173737,1.7288018735529167,-0.5903578360025399,-0.42006875016855666,0.48741395805423077,0.5607266851753862,0.08208333998775712,1.147042093671482,0.11614625161382378,0.36013812138660256,-0.11974407221266999,0.9312855410781836,0.49151520157428147
-2.92460558632965,1.9741439526859699,-0.23557538564979938,-0.5649086758837567,-2.041206668420646,1.6398497365083242,-0.6166760502624525,-0.047111203415979276,0.25362191856766286,0.47957644335130917,0.02030024326466781,1.3341687126999329,0.40489332009913065,0.2732823270689758,0.256327003858628,0.6304494979848126,0.04120800392113299
-4.508427194853302,0.3138353014302173,-0.33405898968854214,0.01252183465686739,-0.30677915913222353,-0.7077242863586742,0.5102939327835415,0.573172819207755,-0.5548615179444201,0.21729156110756065,0.8744700461482433,-0.03750410400581178,-0.41574936790828504,-0.24124531685212477,0.6205602159417909,-0.5631694345602435,-0.7660738310425981
-1.7307971968767286,-0.8178169782443037,-2.1873466047906343,-1.363154990821531,1.0490890444389083,0.07867781869075076,-0.6497697657772592,-0.6542073138867196,0.052861014688144636,-0.18356996116766536,0.22046263691635373,-1.159524969028189,0.6643100262708869,-0.4890497395731315,-0.40693833521869655,0.35119545664775237,0.4931181290003211
-1.4024264802920672,2.715965175145271,0.5060688400773324,-0.1761158562451487,-1.7774998083138203,1.1196251651209355,0.05246850978798306,-0.18709616218406064,-0.23459063409111605,0.6099435676753366,0.022706685573742957,0.956199441706914,-0.18319455586586744,-1.0911697535652392,-0.07068723525134016,-0.9018419090854844,1.0268663851176973
1.3385020246783685,-1.9329102291027604,-1.807029467899729,-0.8280831085576745,0.09831680817496545,-0.4828521376965008,-1.3063360944271092,-0.9411200706786083,0.9472875251303737,0.6217698688868641,-1.3550777190546157,-0.7324365033747048,-0.6500731814446725,0.4652164423514319,0.3543474092733248,-0.038397800145622156,-0.5251882839395948
-0.873237422734562,-0.341436671550661,-1.7335289725927125,-1.034931473488137,0.02407719176813845,0.8150902771112101,-0.8773247926773119,-0.5471807828717126,0.8656951335634934,0.20341775547853322,0.10293829604164237,-1.482417918893296,0.8448491023436927,-0.08987139269857095,-0.23168638908069225,-0.2428716591623847,0.11800502773310866
6.810092413732822,-5.191038399564301,-1.839235599021617,0.7200917696805039,-1.9576906503326506,0.6043162193159143,-0.5778349404633287,0.1563278163372392,1.0168364276110313,0.07933421640873735,-0.31854622608217725,-0.22487877853443017,0.836614279874205,0.3528582250713154,0.4585002184947993,-1.2337181578404621,1.0114011606256168
-2.989410596247433,0.8585788876577978,0.3693501406692352,0.5820048879812103,1.6444244914147352,0.9344922099010106,1.3720147532595524,0.43686478374007354,-1.0775214710733563,0.371322975667187,0.5475593907348766,-0.4472872828397029,0.7653189207068201,-0.8198718136158982,2.1143242328909424,0.2694577322744288,-0.856183226200535
-3.544923140212541,1.0237285261474005,0.05070301085993722,0.3781511885885836,-0.3181458076971477,-0.8755291349524309,0.5621553169995013,0.42826832271358445,-0.3775116169506259,0.20499011097286451,0.7843815157765341,0.17061130440652078,0.46551574842880383,-0.5340345155422526,0.5510332886741489,-1.015957737122167,-0.719357678121795
0.2337792295402311,1.5963843002844404,-1.237906266739031,-1.3673800651825712,2.2725576333934208,-0.1171883916812699,-0.25574504820968985,-0.8371405901164815,-0.07552646736349193,-0.2362283842759053,0.39422154093409195,-0.8020919708084666,0.7143147539229732,-0.21888731334710956,-0.685135113837332,-0.03494315510796364,1.1402996500691045
8.009048482116096,-8.871636796495746,-3.0111298215903632,0.16001069838074355,-1.8310991774480683,1.629663117220549,0.025229326642940784,1.4106381842636904,-0.7299565506320834,-1.2594550275736374,1.8062796244944883,1.0946518661189104,0.554889271715937,-0.5135991940171285,-0.3021520456221896,0.9836519566932128,0.01520961773408176
-0.6927756972157947,0.12400796429925695,-1.5677024181529324,-1.0849195584298492,0.22586093128528228,0.837972666315367,-0.8061449588359573,-0.5977028804656042,0.8799084199391739,0.23180257211142047,0.02131174610389881,-1.5203827510119614,0.7714909813160039,0.018968073451233955,-0.1547159200685534,-0.3583367543347304,0.17350727501406868
-4.344820856733404,1.7939833673110153,0.31461147151534125,-0.695970892413983,-1.8935772799776156,0.7662929023175089,-1.3900617361560896,-0.11509727486016501,-1.6416154614777185,-2.0366362075778706,-1.473930522387306,0.3395390993105359,-0.08383999971847698,0.3417163556552963,0.026518745642793964,0.7483120878552969,-0.14124956564577482
-6.729781384483146,-1.6315709955521913,1.8138445439575075,0.9149898461719427,-0.896820527832888,-0.12602365215494243,0.10102849240417328,0.505591019208169,-0.45074162289882214,1.1322827223565517,0.17424388634860274,-0.6994187851704771,-0.5221436179521477,0.26130132249532584,2.141638086981114,0.4463263617944674,0.9470100424605719
7.1035245544722905,-5.975346266975535,-3.2310227330924195,-1.4183687642442986,0.09716311180611975,1.4943309077528844,0.12519287296045087,1.2783171100448536,-1.130746536835213,-1.1428237168330455,1.6322716948727083,-0.11979103166230788,-1.6841845883438105,-0.20003584656862955,-0.7839263486097569,0.023973438643299906,0.6600947940804834
4.452389667381379,-1.1791944457444425,-0.7727408594238679,-0.47216105574229295,1.5304201540973974,-0.8897855552005475,0.3708524100673931,0.1499784640517658,-1.0726137300809153,-0.26367478297918356,0.6142142355283974,1.0899371240966316,-1.2103563477260502,-0.962522062949067,-0.40198564964669853,0.4471575935873687,-0.743496989137375
-4.318293607822001,0.96563116447681,-0.13872890775479804,-0.29196235862961933,-2.552770366731194,0.9862760605750878,-0.15118449451893284,0.1955083302519866,-0.41569798242023726,0.6842038753803866,0.02296264546802469,0.9705953911767011,-1.0070467184956928,-0.8241486614113679,0.349430969447616,-0.019835197991461103,0.32873809012903216
-4.562396300567562,1.716525348900238,0.22524480267853184,-0.7671768486659133,-1.4768081475969759,0.7670983052800857,0.1676176231095131,0.241393440069096,-0.9038024913350264,0.5456143253259547,0.07040021706623642,1.157669376041827,-1.7156470313583088,-0.8140509385256277,0.2868529742658297,0.09704674957300943,0.5993470566311302
4.756238920574766,-3.6073088343070285,-1.2720271702971766,0.6587585125708235,-1.148790777644187,-0.6849835109341169,-0.5085573955788542,-0.20089120932814455,0.6198098252519184,0.2971695739091556,-0.5676707238248729,0.10105229550953489,0.33744617965378,-0.11853176414271034,0.326177179095173,-0.8648627882136838,0.4793727718108743
-4.345203123179639,-4.041869279034995,2.5894872156441457,3.5401865339996,-0.020591423439335517,-1.2328229493643657,0.6888073820156637,0.5746025110481023,-0.8774518304355956,0.8335591222000561,-0.3012148803628383,0.9079414150779179,0.33503391565181806,1.486423223639196,-0.23337954149698734,-0.42935207545099374,0.6110861677116898
2.8380501226679256,-0.67013080821461,-0.6679168254810937,-0.2693614458929834,1.5193265732348105,-1.2360836507753874,0.045126026370026454,-0.7224924335511309,-0.29349088196287043,0.20155967257529822,-0.5694832956373019,0.26163736769925505,-1.1491456706131697,-0.8428524485330204,0.39036603145003196,-0.05769070633959858,0.3129910691093939
-2.250581052547224,1.9714683983088834,-0.6549773197739437,-0.6952395135751919,-0.8343125173872902,1.6783277128506713,2.7275285852694107,-2.4167281393042237,3.5731609119221344,-2.892335901238202,0.15017296779962871,1.6187912175216177,-0.10351709101480759,0.6022488415802218,0.03674333939861414,0.09685588708258665,-0.4439410763998788
-1.8769694087772073,2.9707907443282675,-0.1588294568200504,-0.9418012375749321,-0.2887727027674788,1.518596728796669,-0.3382949477197046,-0.43996922689859264,0.355334047080764,0.2172355260299365,0.1200477799539223,1.5848387287931613,0.689711540174001,0.5430879636500717,-0.10818322035556013,-0.33045890755408824,-0.3702797064497657
3.9578832982267302,-2.5438933048649877,-0.981847590920442,0.08827191236616491,1.0951276486518906,-1.2042325606744728,0.37836521648135585,-0.1809775074119138,-0.8484488310572306,-0.2850947803842265,0.19148913845604154,1.2910185230695834,-0.5404835518361726,-0.7476597180097844,0.1052640497635462,0.6677954084309858,0.31221382529273944
-0.4924809887473324,0.46359036283495436,-1.3944357192369798,-1.0735440828618412,0.2866916098385331,0.9209373442938049,-0.783074002940895,-0.609017377418337,0.9630023931623322,0.2799258202156707,-0.013536727965630596,-1.5552637954613409,0.7242118429655433,0.10544487520900178,-0.12119782349084555,-0.46596925372989184,0.1783921469400132
-3.811839516629366,-1.363571915020683,0.007072288175753608,0.6532103159137083,-0.47495310400333496,-0.5138058887922843,1.5840941275080602,0.707091535244499,-1.1496025238704404,0.5565393446028427,0.48114760907955606,-0.05974306709408073,0.38463076556374654,-0.19067409742023464,-1.738605661247704,-1.0708986674992154,-0.4237172553215875
-5.923333032460114,0.6944262464778514,0.37593240504286224,0.4984573908933677,-1.5004527094038624,-0.9360905863019702,0.06297403332109977,0.3232487080071796,-0.1292641511417855,0.8235700646861985,0.2445745376329873,-0.5710943384593888,-1.186807481528137,-0.22399347572675535,1.240537029938045,0.07497597806302332,0.612717744069408
-2.329482069790176,-1.264871004731599,0.22735553536776215,1.3110275321443223,2.3124802898958756,1.6541268814917156,1.4186499328003155,-0.6591318425824028,-0.8560633464672239,0.8495616486079021,-0.7235768343286345,-1.5137166042612047,1.2519150461309905,-2.142380077762145,-0.12338761562027835,1.2949973699470099,-0.5099174229815352
-0.9836762001932163,0.835387808590282,1.5212591484238973,2.655335062338285,1.875645522486238,1.5960128022991174,1.0017204926506105,-0.8884991367688044,0.0008586227346549837,0.9008469676981973,-0.11801156621988267,-1.2578795417373747,2.7210240866488307,-2.883065546963613,-0.2688606149515704,0.8655476327902386,-1.6109096967620564
5.228314309675346,-4.917310954823715,-1.8812571713133541,0.5602267157660125,-1.429367328532677,-0.3094286974688709,-0.36997549649910677,0.03400363771393429,0.40817503471318595,0.025573263247787144,-0.2520352294977862,0.2682225872537301,0.6068054056816862,-0.05526708119960211,0.27903604314267744,-0.4832552776788709,0.6968167698418196
-1.7862807849363087,2.956623150690133,0.2592582913710567,-0.5624569565541381,-0.7070160035171104,1.3756079813324733,0.36584282927794737,-0.22592841917969408,-0.1150580375803807,0.4140969864713376,-0.009936754665386105,1.193998327191608,-0.13558273872283663,-0.6697337367573553,0.24332078484323813,-2.053331882103306,-0.0661532889085046
4.337331080236748,1.243144567311754,1.5596146084093094,1.471863520375939,-0.7421882677743005,0.02583085568528904,0.26210742177805013,-0.7427482093446033,1.2703333173479967,1.9624980209860854,-1.762430051014007,-0.7476663840772256,-0.8946721709459763,-0.03094649603263228,-1.3254779437203614,0.7165835333128272,-0.16178288153486992
-5.284385591218852,-2.239605557053457,-0.01919316602747431,1.3398557698129696,-1.2384956416604604,-0.4451444431331776,4.603801558348558,-1.5759866014763226,2.6946395035583386,-2.368093269981525,0.2054305353165086,0.16460334247791703,-0.4471855257257632,0.6285963832126309,-0.7907149338514063,0.26714924843731574,0.014388821330751157
1.8229979047387457,-2.869560811346592,0.15411005780920048,0.5558579697172182,1.7457665276427292,0.6485582962624116,0.043913948755861465,-0.4711254229242926,-2.1456970327002285,-1.9267362096037561,-2.5117888788774985,-1.043718714140616,0.014342128387998912,-0.6850800384214581,2.8004042500101423,1.3511497362713476,-0.8443378015552913
-2.3716962045742096,-0.26227981154061175,-1.6297519116718138,-0.6853648607921733,1.114927082661098,1.4336021777955263,-1.533477883863311,-1.5416649867459722,0.1704544852698336,-0.555062805083983,-0.45531924265152324,0.6085191850073176,1.1006341311350591,-1.8989138065562239,-0.1053246066692275,0.4639925450107953,0.397343779375963
0.586511153492106,-1.3716963514817422,-1.6427125900002735,-0.8258019591579323,0.18200463400656602,-0.5351936190501086,-1.2774907831598747,-1.1669521264809828,1.03628225297348,0.8301179260573768,-1.4925476374092594,-0.7550081320518797,-0.5456643673486644,0.23551238763199994,0.33686017130290347,-0.05434110704924153,-0.6741478926409245
1.184496952995748,1.4410829510177716,-0.525685396864869,-0.7147552565320303,-0.8405673924103418,1.2932227059143564,-1.1065734133302025,-0.37934536246613537,1.3637720146878598,0.589775019454163,-0.21823351237367716,-2.0414683024294713,0.2669415436536995,0.27505319596090366,0.367993846462282,0.5926589026296024,0.7068148678915297
1.6080965178950555,1.9458496305139845,-0.5461964626228893,-1.2062975945645509,1.3370489189619734,0.28898742859265675,-0.5033240687987112,-0.31483171514447933,0.8310124752497323,0.1556067295791917,0.3997420040275572,-0.9665706120774336,0.29285758572241943,1.06043347586106,-0.2810383589142863,-0.6106294663780495,0.816857013808841
-0.11538499645132912,-0.6331841849554314,-1.193618106892592,-0.5478702812827216,-0.06253905140383369,-0.7697453984848485,-0.8713850886314867,-0.41850472870773764,0.5943009624960457,0.17614167821947618,-0.22689216040828797,-0.617048774483803,0.2822584162237864,0.4863816627100747,0.20984080816963932,-0.13587366755845323,-0.21035810661713494
-1.2051985360966497,-0.13338367521648764,-1.6596032653427446,-0.9832204566532403,-0.03553326562007777,0.582240803236455,-0.8902282323011559,-0.7049165313910914,0.9497179664248985,0.3789977265412722,-0.11895110921679962,-1.4649784187078172,0.9120276449491919,-0.07805640571712416,-0.28941356479825786,-0.26431558620329265,0.060260876121581645
-3.588469066830616,0.3380101299186453,-1.1305985215221295,-0.9779336547254021,0.45962822312347285,-0.08559811870387789,0.08621670389305072,0.4112316234613722,-0.3260193541820068,-0.14841577566072783,0.7472637357380757,-0.184512327280552,0.41067512422353836,0.7562973661674055,0.3326788802833177,0.07490466826465787,-0.6693161837789248
-0.24583063241666478,-1.2234587737562308,-0.5495258350268659,-0.018452158548330065,0.2585560717216453,-2.8495857250218055,-0.2905453799403315,-0.5974173218003531,-0.4006102269442834,0.8774612118532418,-0.7809753980382264,0.45958612039195673,-1.6138389703133034,-0.6714387634934051,-0.31779847405012,-0.8449584556563967,-0.3577981582380724
-2.2334791095559927,3.205207484829558,0.19249634324430084,-0.8130914373904746,-1.4441507419145978,1.985404622482571,-0.38182413161219275,-0.006211167640329312,0.2582854502300615,0.5291484731828441,0.01502296720123629,1.2571883819079863,-0.08131955484387243,0.5959026134691832,0.3382401151802541,0.3577297910920718,0.17021628192473987
-4.50624488460107,0.04279962009922816,-0.9137255398378425,-0.7759587246919785,0.0985328533880407,-0.4991985891638445,-0.09069992366682612,0.4799949524713016,-0.30936838515554116,0.0628866808631924,0.8737903594019898,0.13727939530821084,0.1555886278757844,0.8870722319774998,0.19311752179393082,0.1954777486049331,-0.8302348897684385
2.917974909367149,-3.465414805252096,-1.3327066745588234,0.4050924493241383,-0.7123403904493241,-1.5455765939886972,-0.23824936122234752,-0.18522027058217752,-0.08230694868443258,0.24169162673727995,-0.49854182607180925,0.4764879455758049,-0.17607349489873342,-0.2933432958434122,0.17281970232058386,-0.06726844847944911,0.05924109274913084
-3.3494979345162523,1.7815031625363194,0.30441404916929565,0.037169457595349883,-2.0469619356939575,0.2788051805104705,0.26956938338200775,0.7389538833353091,0.2299527523527333,0.9376933853430077,0.6063496927159364,-1.0559777468987228,-0.7548991768209401,-0.299337572725171,0.8063017939500294,-0.08973374584568064,-0.5349191181294665
-0.4835448843684332,-0.44194257992321645,-1.5014924697207133,-1.1771187694542846,-0.44138173176792644,1.297766999271084,-1.280044717800324,-1.3366045996958142,0.7908337851841271,0.7654002079617118,-1.7081105154904597,1.2824042754378313,-0.6446848166457466,-0.01965820850198916,0.16443785957264004,-0.665705947226807,-0.7624259811878978
4.301931407655886,-4.2941016214100545,-1.7521835421145375,0.023784588585623604,-1.4224523651960097,0.37964296848810963,-0.2688772227668856,0.2835188653343886,0.5765147895108568,0.21547422584291193,-0.16557323096354024,-0.03014028640393978,-0.6273338595683462,0.43504147795584674,0.6563701185794353,0.14244730786092133,0.026503311480958244
-3.8551907349137835,0.592662728192014,-1.375346824973488,-1.5658147104022728,0.8200552749461469,-0.2099406382510104,0.17143187410735233,0.536332931808612,-0.6428517891323484,-0.03340751799476444,0.8808244779173672,-0.2878558430815922,-0.5539646243161752,1.0140132560906852,0.042423204912694315,-0.12710427242507924,-0.3501373117500383
-1.4522899420828435,2.1426963237975167,-0.4653658429461258,-1.3618636256857533,1.802373463504367,-0.49730238227014756,0.020371242456383217,-0.17312147828207358,-0.02637014257892033,0.14629448211025367,-0.06066826242075844,-0.5787160097938713,-0.3676372266420302,0.7493536563231321,0.18396760094440626,-0.9954119041292895,0.25258211633800376
-3.691662792017817,2.164699138640569,-1.149704528490725,-1.802132289906924,2.5078631839343752,-0.7214963768552133,0.3625384903998436,6.6638105533203635,2.8908243633092203,-0.898752661245097,-2.732444046670013,0.7241804957845333,0.5052739145974935,-1.0389554052446928,-0.16411223622681423,0.3025815494906726,0.3315884158971544
-3.932056580331118,-0.16638515612882104,-1.5359768854309284,-1.5724970924261634,0.4926395868258759,-0.22533507568336913,0.056631956356191594,0.5649043347598077,-0.5880504472691969,-0.07527871358994051,0.954547277860175,-0.3351810969484238,-0.3416169522710494,0.933729074984698,-0.04817617694957477,-0.15270925870197613,-0.29631957924081626
-3.2395409091592398,-1.1569917608032734,-0.4774327824967074,0.00228578052557672,-0.6615606564588323,-1.6605408315689372,0.4425075106306139,0.5790139729643976,-0.8889435962157703,0.10717647187283641,0.7873088082063653,0.1501846073255115,-0.35859801374473077,-0.3972655169097647,-0.06157948566882361,-1.5582948178601228,-0.06536249005347526
-2.628417093012116,2.97459497622656,0.7176835266077947,0.00023494417827779908,-1.3395314803012002,0.19156563103860813,0.5060795305128575,0.6324249193473456,0.12081232292552495,0.8665331007946218,0.72478329773538,-0.7653396190702035,-0.7492711119279485,-0.25832587096147086,0.8743806476797147,-0.276417892069051,-0.30042131772010283
-5.709404961510512,0.5294330791694699,0.4726218882787356,0.13298347546893421,-1.9653488928460268,0.24505084229037857,-1.963481545342354,-0.37038315136268213,-1.3409855847945094,-2.0417808440874725,-1.6205136086161278,0.5863031091643195,-0.4024381626456935,0.9340030469028211,0.19578838783990177,0.5571950799108755,1.1106192364907732
1.275252134917757,-1.2250216678631662,-0.2575922071535152,0.4842422191850287,-0.5345064923934231,-1.5308885475726008,-0.22070791050471886,-0.39477124325286894,0.47509313370946266,0.8842115582690154,-0.8663669357509967,0.40574401811559774,-0.6270810457358348,-0.17253318057206754,0.7275222492209037,-0.6167617695705203,-0.8823851342465666
0.41204617484071643,4.089714213652562,1.5775066268284474,0.2031510144698565,-1.2039122357816199,3.0705221932516773,0.7431800006663882,-0.34884279371597077,0.3720137175988191,1.3355147651230195,-0.49610443478030447,0.38801017620147765,-0.1052198889157618,-1.3029262405495599,-1.8084024972265915,0.2866104639833607,-0.7772992549821119
0.8436076831157782,1.7807828303983622,-0.20663207669842462,-0.019224781183472588,2.5906494731945044,0.4581546114324592,-0.05419149231865371,-0.8642186638564032,0.09890890384672792,-0.49349830829514163,0.5669222787121994,-1.2083195434708665,0.8481799874166808,-2.574920521352676,0.40272869635043024,-0.2910702584613608,0.6017159085358199
-3.535554755503327,2.357907121173459,0.46048473186286326,-0.6113588444219336,-0.925522572598081,0.11857925435543884,-0.3395490798429752,-0.2459287066181273,-2.1188388510949716,-2.0720472865660504,-1.3994164738755854,0.5659876260042952,-0.11218097317006663,-0.9103728190494261,-0.052556169423879626,-1.6853705043844571,-0.436238717276995
3.8698992359453377,-5.753086601393549,-2.2554873942198737,0.30533940654733926,-1.9644498876154293,0.08017039942764577,-0.5805960527982611,0.15722855664293786,0.6395929875819959,0.10846294819287583,-0.26417238883985705,-0.1250450986382088,0.0038899031819728713,0.08690190445962434,0.5908198423174518,0.22855612263048147,0.12646278582720433
-2.7878724431039212,1.5522591147236295,-0.9461639014533381,-1.1879387127178052,1.1787149008838769,0.10565324578343478,0.2932806760707599,0.22896474660501653,-0.3822322526148432,-0.16034531869982618,0.784218553893621,-0.11698259520612872,0.3254665401709897,0.5626541756373563,0.31993900040237383,0.10454942472662217,-0.542567501483717
-5.2953640264267845,-1.3560542439301584,-0.2600590786741882,0.3214957643168842,-0.6551537383109256,-0.9910835237966105,0.13619240076308783,0.27335807114145577,-0.16671276101449758,0.18972787077492692,0.6107687168165243,-0.072126839905534,-0.18527771412879918,0.04190313018666296,0.848777969798936,-0.7309588398427919,0.4762917006677296
-5.993394953754996,-1.2384831503087328,2.07349301777896,2.4725141129038963,-0.658473311357534,-0.007703387792515568,1.3658223909334954,0.5206109465935456,-0.9753195326631523,1.5880136815072645,-0.4591995904110962,-0.40536870136938813,0.0891963002407217,0.7097684238925628,0.05376914119762336,0.8839462895214305,0.8715053547929096
-2.6019703145122146,1.308908601612351,-0.2763056860927534,-0.24033473989215476,0.370528354342563,-0.8592435229463765,0.8570305546640684,0.42298604374430615,-0.8318995923665361,0.04900889313354905,0.7925290181808022,-0.09751029678756508,0.225049707262592,-0.6496339651116674,0.2552061198914377,-1.5946302172989573,-0.1383096019892286
-5.923333032460114,0.6944262464778514,0.37593240504286224,0.4984573908933677,-1.5004527094038624,-0.9360905863019702,0.06297403332109977,0.3232487080071796,-0.1292641511417855,0.8235700646861985,0.2445745376329873,-0.5710943384593888,-1.186807481528137,-0.22399347572675535,1.240537029938045,0.07497597806302332,0.612717744069408
-4.926079242112718,-0.0355036491938751,-0.2751834961221293,-0.20981520051351876,-0.7386639599066268,-0.8317152310199922,0.2965581215991418,0.5675613619142633,-0.37228686733371036,0.3940564478189864,0.863972488405966,-0.2608639174935502,-0.5140307565786918,-0.3949389259781903,0.42110406792024496,-0.8268839334440115,-0.8653967892587922
-2.5928115939045537,2.110872927159047,-1.1054488561935536,-1.6079846192709104,0.968483149142817,1.27955707750765,-0.10884977993720689,-0.38079857351948604,-0.6685736514822691,-0.39100845614380453,0.08070976480322145,1.3810803070412139,0.07415547676157522,0.14238710775967958,0.034554557466597344,-0.6018523766802212,0.3206752739647111
-9.029759169597101,-5.185489436940609,5.189212096555701,10.058421406684454,3.9381769839472462,2.6005787006301064,-5.023011747849353,0.47218553929663215,1.880462612544657,-1.3431679341958158,2.2566148554024372,0.5663411742866521,-1.342052844406543,-0.28196531574001377,-0.3600350660057328,-0.2696553468781295,-0.34425774437473455
-4.381864267224051,-0.42970804826136083,0.3878297366158763,0.2611103049749277,0.4700532675940446,2.120028823082761,2.206990433554429,0.10388918407144423,-2.0681747580626806,0.9975568793466975,-0.9488996680407923,1.1078506527297889,-0.031204243072037393,-0.1480290654942754,-0.47763331052558644,-0.03768644826765786,-0.013740348589045132
4.44037675123997,-5.29668005568448,-2.1976703420368477,0.04098534309122093,-1.5157641694303023,0.5948447243554585,-0.43136432959334003,0.30273136280317703,0.5479970656561463,0.03692083190854326,-0.05663790764831487,-0.17081417010851213,-0.4850629966105057,0.14471710348516917,0.539944763163799,0.28835751729589043,0.19546175831345525
-0.1274287823422373,-4.194205953332286,-0.27961755714269365,0.4339787334632807,1.832716437420208,-0.00910278232362393,1.5792258271483806,-0.24424724565903172,-1.6476408955103257,1.2912474372210971,-1.6581930857106109,-0.1854144588397089,-1.667406090188785,0.3718745061201336,-0.6665966915696834,1.7028082137733214,0.09466155956089148
8.368879747566556,-4.142103682989782,-1.3707836773321929,0.17741595083645964,-0.9116793546417948,2.9590779390967525,0.2414704006148131,0.4564818092949862,0.7209922962009636,0.2706229646559162,-0.10355501658461018,-1.5200337716835084,-0.3604537981744871,-0.1537099400360529,-2.031381877017275,-1.4842993442319183,-0.3297984476796795
-9.118826298196971,-5.256156272768159,5.2737224855937574,10.22936715485705,4.009387700349718,2.6597632867798517,-5.128740683490966,0.44022297671820443,1.9533950430063998,-1.3827311175953458,2.3068935786197424,0.5829179785821211,-1.2393137898829094,-0.5183134092564954,-0.27816377781089513,-0.1546308970810283,-0.5096190754767922
-4.316736784240441,0.9740184598573315,-0.1304703044865033,-0.26720262630340347,-2.537186011145422,0.9942389553051167,-0.16158032700215502,0.1896093664441217,-0.4072418929160933,0.6781892073188659,0.026690706469312507,0.9706438257058431,-0.992948172218818,-0.849180653205222,0.36401352850084295,-0.00998386228663908,0.3118319430917319
-4.556808478516227,-0.5635746020897633,-1.0067038308068343,-0.800931499275988,-0.16049217228150414,-0.5032069904890102,-0.1830924809175454,0.5083786518972483,-0.2621139790247766,0.020090361004086198,0.9250770085757156,0.08338381978698564,0.29978715770830894,0.906573099375341,0.12722419788282888,0.07930871190168125,-0.7339327622287908
7.042199913695331,-5.336070058084627,-2.2118794325816133,-0.0518000265934304,-2.016302795671076,1.9324291091865151,-0.456696865163915,0.8326001703038645,0.8508698441530449,-0.09534908484182973,0.5293558010249141,-0.2110596710170606,0.009991703025658369,0.27560823855685923,0.32963490569929327,-0.11038079537587632,-0.4210932621102298
-1.721050054243802,-0.07045659703656347,-1.0600344636590844,-0.4704897507522689,0.24742518084013773,-0.4111976769252462,0.29535778357109166,-0.25180798203515853,-0.3856257875732677,0.08960443583230779,0.42857589629002224,-0.8120528643347872,0.24759155980105368,-1.3661121875150495,-0.01853047202567263,-0.8679739691346187,0.24466173302520228
-3.358257507540006,1.7808847057990504,0.3107592943844901,0.046939900613015804,-2.0463892741837744,0.2781823771646391,0.26409495032560326,0.7365788938674257,0.23478744057375042,0.9370657221047313,0.6084933741040887,-1.054779488459911,-0.7478958750674967,-0.3103258132150093,0.8093740105861329,-0.08462516402894726,-0.5455513045693074
-3.0155504019849224,1.6586994090206673,1.8515497266607448,1.7264171878601131,-0.430992788180073,1.8900654291489405,1.726281309311479,0.49230660943074267,-0.29213441637068993,1.8993495537752354,-0.5414863324193087,-1.5682211271492026,0.4586071370711312,-0.312123945469312,0.4523883925777641,0.5811834051610903,-0.8293974509979752
-4.364203693148883,-0.13335538632641614,-0.7292447967682976,-0.8616274401753604,1.3423133491792985,0.3930616545462206,0.7936654384250478,0.6281351969919869,-1.2443187548457737,0.5159499015632173,0.3604438899297042,-0.43709573585900635,0.18460238987083638,1.4577699018284835,1.122548024139263,0.4391274027720711,-0.35178789674594635
-4.070928159585539,-1.7178945716377672,-1.1658272114264931,-1.0531279026992584,-0.04407217401834128,-1.0002906048810196,-0.3158575013624321,0.5403668082297125,-0.5635392559637807,-0.09517132512986433,0.8480969035408044,0.0379816222324599,0.5737290046889797,0.7961094501232999,-0.4681472307146406,-0.7557207916230314,0.12211207527511057
-2.459475595420083,1.3253304608440932,-1.2171780526500389,-1.3031447394601845,0.011946014302406577,1.4955385337861111,-0.7550936870927307,-0.8259923350034525,0.15440669939853874,0.0182097186908382,-0.3928766620080848,0.8701724659938174,0.571169925100663,-0.2503025195202908,-0.22935437591386618,-0.46346714949211665,0.2628143017861899
4.405761242487672,1.2983201893728058,1.4961362393033553,1.341809518329734,-0.795285606792296,-0.018669306604853785,0.34271621544844955,-0.7183375192418162,1.2148654232351253,1.9924739433782825,-1.8003880532270424,-0.7601914495374861,-0.9733025898579526,0.14881530205050988,-1.3874305380621317,0.6289431572418586,-0.03617760412943723
1.707042547652384,-0.09052745000454691,-0.7581197075330145,-0.33512561354793624,2.028150712820197,-2.0743334230064763,-0.9188369048242269,-1.3102795601453843,0.3469716632009446,0.4326691148405875,-1.1312902491486367,0.6129705974010435,-0.18278993643962507,0.2801711739872803,-0.19133132179532636,0.9869310261106339,0.05556962419660488
-4.205127017032342,-0.17758732890582665,-1.1096478966096786,-0.7930086516544675,0.21427610919653198,-0.34858897458627985,-0.09252151691315601,0.487578316324745,-0.3503402249192524,-0.066518309445785,0.9027306520935335,0.02029127039647341,0.18491460074541802,0.9168418597394223,0.20920066768073223,0.055704400571764755,-0.6323166441712122
-1.4559448546278604,3.720366797666689,0.4140910492144307,-0.7976212322753298,-1.101216132732527,1.7251885190096694,-0.5815646348595106,-0.41708665401323713,0.48070193394016636,0.5634675890084969,0.07780960585994494,1.1453962197782437,0.10701845968001683,0.37954113377023185,-0.12637055470204717,0.922095252864343,0.5067046673176335
-3.037531224910623,-3.9278147419419462,-1.192840238740967,0.5898889850907334,0.41437531815891704,-0.9495485870463944,0.1820920272136128,-1.273314751747815,-0.12771135253719165,1.214320732192304,-2.1834904873704453,-0.9487766361115826,-1.5899092053385115,-0.6416900828246794,-1.287365911918223,-0.19948223499341558,0.6236403151161874
-5.429849670130656,-2.2905513695990285,-0.06635319902063003,1.259182547093245,-0.6434072140046173,-0.22593901808166036,4.295482133413261,-1.7251970336620477,2.672154646832178,-2.529066823454506,0.2693701550226007,-0.16018616965752688,-0.8223167821337902,0.04853501917177001,-0.9489286927090093,0.2923362474913046,0.029793040228820466
-3.498028981888567,1.3708953688328567,-1.1793269457494528,-1.282541169738698,0.34827732028107183,0.9164891432474991,-0.38402094762048244,-0.44772952017173073,-0.5299476936183624,-0.2796260638275213,-0.06033483896137358,1.463690303741179,0.3844705462013798,-0.07119928304066625,-0.03439114193385793,-0.4367172566924452,0.07286027009949456
0.47021582095887493,-1.7038490945095586,-0.4104290750296108,0.4150733679471279,0.8198514629495327,-1.1670742092906181,0.854759544151109,-0.9547822434250488,-0.4408348717605473,1.1990104606250818,-1.8364142232724678,-0.18614406008684575,-1.107327788216334,-0.7884458001119865,-1.4232187646667032,0.0899599715332819,-0.6127148076173157
-3.3501848792970406,1.762040408382385,0.3110905556372574,0.059724687471685065,-2.026980076251247,0.29867657566503475,0.25392840578544246,0.7363892690558703,0.23757868206790222,0.9275618005312463,0.6151992199828284,-1.0545354480590268,-0.7447777287931449,-0.3380874251132142,0.8219547423448742,-0.07017135776834008,-0.5532121570515351
-3.789968779408182,1.8426413065038927,-1.0695021996993626,-1.8288868050595597,2.1689128852496005,-0.484679004450275,0.28888613975581495,6.824380744885683,3.127374850186679,-0.7586912944329349,-2.975014051427024,0.34910837814943657,0.27638641326211877,-0.6378998364095188,-0.05033962500635301,-0.10193908710810494,0.36162154749820147
-4.979323337973718,-2.354668521982335,0.8501955699563366,1.7887210356679268,0.7800197697084398,0.7166085448548741,1.5309505297429435,0.4125072640467202,-0.9923413694773761,1.0163358079202913,-0.44383820100623184,-0.7087411559213344,0.09233891066747843,1.0449736591440415,-0.10748314921747246,-0.37348196574683834,0.9911316647773141
2.1245522636827,-1.7749723651948013,-0.7408348948356223,-0.0747434107411403,1.0148508487745134,-1.6117053318344645,0.278580738669147,-0.40603711346084403,-0.8197072755863336,0.07111864394004487,-0.2784271077337804,0.8913414088285393,-0.9320354567193727,-0.883777302726866,0.13750705753400355,0.47427181576138794,-0.05062240987016901
4.26853464438951,-5.31549158544829,-2.3109981473999657,-0.7460644610742765,-0.49185618089028926,0.11698925043235013,-0.2160269719771095,0.8610774318584693,-0.861437155550352,-0.4467386019962242,1.009743339101562,0.39322537410163694,-1.526891002011504,-0.5702687556966677,-0.5777560272125128,0.5861740811360534,-0.40009826013970257
-5.164697288666561,-1.0424132893828177,0.8201973835878068,1.380084079140078,-0.4905006356531135,-0.3406959045651902,0.26808625058147706,0.09312918675250628,-1.7418569754605528,-1.661819978329675,-1.5621368122431685,-1.3382098407772711,-0.24624360558512254,0.5238833621780244,-1.0941557483979405,-0.6484735350069261,0.032068858757177056
7.667985162688209,-6.34589049793445,-2.528529221195906,0.2691689088662631,-2.3725395859413574,1.2584375940955927,-0.4406968243960689,0.8057504812881084,0.5485234684271112,-0.25088458784131873,0.43644796153040627,-0.02784427771233798,0.9356041078165467,0.20750006879391686,-0.08304509449124158,-0.7837575055020075,0.23243613809524433
-4.036996265822457,-2.910005182842989,1.766429561663092,3.363690058707962,0.18675214341406166,-1.247003715536408,1.40676288621952,0.31664141965262016,-1.1512397515600872,1.0506290275015093,-0.7171160903409731,0.7955873525231795,0.8627799620793573,0.6261246031975777,0.22341606543904757,0.20131054914643007,-0.06955199198853589
-4.058717297044919,0.9839889310733465,-0.5271475979155003,-1.1629805267661226,-0.36908435504500314,0.8854943460488345,-1.176355241320409,-0.362766236851257,-1.89224907060265,-2.5656170600104917,-1.474124655230838,0.4967454374977889,0.2865036128881165,0.20473447119104823,-0.10037449051835848,-0.23925609358682895,-0.5454454069599195
-6.139098295649844,-1.1318337526058007,2.0000396421391464,3.0444745299402287,-0.23233780960258762,0.5135054986625794,0.8147139083664467,0.5363378785101968,-0.6644557981186984,1.3718241793654227,-0.39492450423868825,-0.6580720796234275,-0.5580252088899028,1.0646879368025892,0.11768121447078629,0.8149810068570118,1.0621954176297064
1.1569524874480914,1.3670962783598923,-0.5483690644398673,-0.8896500432538356,0.1993002227840667,0.11450733496988583,-0.8567210177184026,-0.7125678219683383,0.7925256683568347,1.0233662779444914,-0.4729224117619624,-0.7938638473729942,-0.7059973200980776,0.5454021848580342,-0.4892234918053311,1.0396366129932304,0.5341656921057145
6.968592740291821,-6.572419880141756,-2.8156946913441434,-0.2069194184621692,-2.3285145155166136,2.1693196364075975,-0.49861426741665654,1.037704194478086,0.6910470022529112,-0.2741622542596447,0.6335585327949906,-0.48151143600484086,-0.11044388312032855,0.3791072706167747,0.2483375894100391,-0.019986492047166807,-0.27257642363024887
-3.441869289843277,-15.910437838275655,20.74351438227415,-15.07970134953174,0.379816591196918,-0.10731846843082672,-0.7517155552995748,-0.730084513066956,1.2379957583354275,0.11526658603548132,0.41511967383559,0.10300056272677725,0.4004238962922836,-0.4333387773245984,-0.036527316397721034,-0.19620832005978317,0.03226370159289436
8.929402174579476,-3.3857797509154053,0.8453047631853502,1.5663392858456728,1.214565545030762,1.3942900137315504,2.4246081323803566,0.8220008271011807,-1.3860925628907181,0.4396369681278077,-0.28906292703376224,1.0442719902941877,1.5757702201376045,1.0045740927494542,-0.6810701807801854,0.0036450324577050382,0.00508384011272762
-3.524569841191456,0.9142010388657758,-1.0210069814249274,-1.1140988049846619,0.5635754616768636,-0.0825757291166763,0.24291577127093336,0.42914840586501807,-0.4152536928047326,-0.09505344950477634,0.8664112135720236,-0.09919326144796839,0.24327238434557724,0.7352513339791219,0.24804707823368377,0.2384240652550703,-0.8479528411698272
-2.436258395299012,0.8636760034308008,-1.0659913287147542,-0.863149747632025,1.20012100724358,1.1331154510688575,-0.9250070833777323,-1.1244780486434995,-0.26272283136924923,-0.4207537728634166,-0.14043488335113946,1.3081364234537396,0.8983213267114292,-1.5899740326184388,-0.098218439108729,0.20129976419344398,-0.11271569636993574
2.8373442106805515,0.2980283233412868,-0.7642589337358898,-0.8094277307396766,2.3741481626461516,-1.406537110696835,-0.5886151182761638,-1.067229321241038,0.10334041977814208,0.16837657054179106,-0.6635911759420788,0.511811784608292,-0.5443020766445249,0.4172924706903287,-0.1596599594346793,0.8425513483487067,0.20541873580589148
-0.3598067751907853,-2.476467389254397,-1.8080869846729584,-0.6466439210076368,-0.434782437034104,-0.9681797261901207,-1.4430032838453621,-1.018169480971115,0.978156517724436,0.9159132394767298,-1.5412575449045336,-0.5908804494975696,-0.671970306968682,0.2681937803904293,0.19739576897226224,0.4207328959197129,-1.2124015291351586
0.9326324312941814,-1.17951472267796,-0.8764792431563944,-0.20638320290614046,1.0256088303108808,-1.4775782225257026,-0.06811051899866402,-0.8809151905457908,-0.26041332766282005,0.5345684500686494,-1.0899828624125236,0.10913989924504869,-1.2891443221160737,-1.0789338224681004,0.5430588427722296,0.008661722792677667,-0.3642443878509253
-1.8934794454620023,-0.8712633974393007,-0.8341740165381012,0.3240705417653431,-0.3982802896864682,-1.110317021239173,3.512526329060915,-2.1271625866030743,2.7744840458299875,-2.9913872624005062,0.43283369078627576,0.1080316740961281,-0.6349818413669457,-0.9222284125257721,0.35743998881393335,0.012690703225232835,-0.2214422742307216
-3.4179027052234563,1.4839090811940163,-0.5205547562249023,-1.3212291518797066,-0.05280893313909226,0.9423317935835248,-1.0468074134546008,-0.5077788908840773,-1.8855693608932769,-2.563527984557208,-1.5114663156961874,0.5397752302004857,0.46010807601228215,0.07418029533657289,-0.08823171254800934,-0.36020631093719896,-0.30886475861398777
-4.287231186458824,0.9550050421121046,-0.7831305828982231,-0.9837398016069905,-0.4235017462042342,-0.2783174697781395,-0.21370882509491348,0.5303684660505238,-0.5355720261343037,0.28068568052962056,0.8841343755672435,-0.5410904699380074,-0.7799786949840063,0.5064826523996482,0.06024817231466692,1.3061156103754232,0.03906379253904519
-4.43121654105352,-0.7651159379634577,-1.6321800054945612,-1.143568926806535,0.1790977379380157,-0.5223794354139433,-0.4582555065329746,0.037422618804290146,-0.3545965478005986,-0.06397823412404748,0.7444346148115335,-0.5315052037472197,0.13500386766513522,0.16741814140343927,-0.37132753054656703,0.3505574718979706,-0.37942405210858815
7.90683864364236,1.3953316099155264,0.5861999396780779,-0.48021369234385913,1.336818694030407,4.002313019537035,0.509195487673356,-0.5548794578925779,-0.23101482990601385,0.5559215501807006,-1.2010040942765252,0.6763480505201724,-0.4932032004868618,-0.21200657845689727,1.2065584698701266,-1.5250406448941654,-0.019195194456573163
0.08723772638348336,0.7707507937587582,-1.4847526905768467,-1.4005458972873825,0.831116259748468,1.156572400496018,-0.5797755364331613,-0.5516331580315313,0.7505990215609533,0.1272238731719592,0.09130668764520944,-1.6191645996096602,0.43634675638800746,0.2823385965489044,-0.09467910141910459,-0.5593629950410111,0.4883944249060406
7.898037349369192,-2.572717837555269,0.9874208577150893,1.6590764561280678,1.289134698456706,1.0305499675476573,2.3448216460180653,0.7936380797976936,-1.388512027838009,0.4912236339381329,-0.09469740813286909,0.9719188618652738,1.5670933914918088,0.8131040492345464,-0.8594283991122815,-0.14262579548916163,-0.27877579531565505
2.3321618853925163,1.9459194980579138,1.3235039956294097,0.98422400325613,-1.136598398998566,-1.4484587027724172,0.05129579832327098,0.11685677840464966,0.3167491263505195,0.6433570223535696,0.6629573720276519,0.1720301316447362,0.0434066849537739,-0.2713082736576279,0.04517363234806237,0.21592281044182032,0.8421682865336779
1.4253175777436538,-1.928332516173129,-0.7363880122720102,0.201366378368545,0.6239764893331771,-2.061501997822001,0.1228966013528893,-0.6157183531849336,-0.6388120669346937,0.27854477095667485,-0.5418002144213595,0.9413664663720146,-0.5603924424302404,-1.0022613389677146,0.1105407952663176,0.5274071353066191,-0.2518583320252934
-5.742590402025566,-1.578195566006796,0.993782291315988,3.1651655589734253,-0.07451457099665805,-1.0199250493118062,-0.29030683240935407,0.08437038397170338,0.10099037974483566,0.4911658895785298,-0.14029633806742434,-0.15494900376017953,-0.07714683261876112,0.53275409887502,-1.5402703519104801,-1.9420603034456942,0.7529581257196394
1.9914272367013823,1.353131245860564,0.35472540146620696,0.3877348777995921,0.08181774242059275,-1.566963909597887,-0.5053219590078061,-0.24705107210520458,0.6569579873416155,0.1834792953907466,0.6939890410923125,0.75022644071268,1.40523802110934,0.8424592228856675,-0.40746560491395706,-0.15260523047586216,-0.22720265549177607
3.558845216281952,2.64156383745173,2.3254194036320834,1.0807011291336914,-1.5468858769377303,-1.3326216165496743,-0.40874877736755183,0.16579235371041315,-1.0803682213223684,-1.8511469502857245,-0.6226215437164498,-0.683089551308386,0.721375197539653,-0.17363824338666095,-0.012913305057291546,-0.050473049828109594,0.44547374776292725
6.66192874572605,2.777695108571337,2.1450196367377057,0.36603768968675243,-1.2176265145440173,-0.014658997672591363,-0.7964279832956742,0.2235614201285262,-0.5397923931724824,-1.3493595678859613,-1.1569389216779256,-0.8708811011020461,-0.9948906331587349,0.279051400788772,0.08659171747896667,0.03323162469654731,-1.2384007178789314
-4.274272944122914,0.2013420124808034,-1.2617351012391091,-1.511299898263238,0.48932970710508944,-0.37298235880721337,0.04894727403648722,0.5331466405179448,-0.5445021282551816,0.031446871828180165,0.9185286241672643,-0.21799611342252,-0.3905618438359792,0.9012760773321864,-0.01804851682265066,-0.043570744393158826,-0.5257326520960564
-4.7669862245892,-0.24357215403261745,-1.0070449043374678,-1.3722429477018947,0.2121123279611236,-0.5250160076817137,-0.18721834087064015,0.4785826750902896,-0.3637684037703534,0.08579861205849779,0.9084619424533262,-0.16628760980869545,-0.19834605836820268,0.7501394140605641,-0.022370975382051007,0.014905910584799432,-0.6831423250764856
3.036797101081394,2.690422571343803,2.223153983538804,0.993437833029526,-1.5930122671649793,-1.2704123675771324,-0.4992676849268133,0.13856738834328533,-0.9080975232164691,-1.7514836277358343,-0.7062361502406096,-0.8052023686199243,0.48356275128930276,-0.08538473971108351,0.21014344468746693,0.2272788230966106,0.2542285053368966
-2.1140838280750063,1.053563412709813,-1.520048514811958,-1.5356339772413428,0.9111482976415296,1.1250851208825134,-0.6074561005073682,-0.9936206941149922,-0.4031228895840227,-0.3225587352244558,-0.20588366569459832,1.099557933925794,0.3390789343590707,-0.6227851871795248,-0.31743786688951664,0.005717626332255009,0.505548056792474
5.0415767887879035,-2.236903207089328,-1.0605302075013345,-0.5429386247741173,1.3539911928339576,-0.47661989819058964,0.5310867188468307,0.44567066406639866,-1.2851251526386882,-0.5514955328262074,0.895500510767674,1.2718291739802672,-1.0877041426688576,-0.8276161981078839,-0.3621952864739188,0.6761702976405731,-0.4772098462493026
2.3349594975286188,1.944771998776738,1.3215014285671731,0.9820824849480332,-1.135988113106462,-1.447317660785135,0.052296981152831656,0.11750984558672903,0.3154981467473483,0.643064025592893,0.6626254939403455,0.17167733625556064,0.04166071349616972,-0.2695962230187632,0.04487525014253309,0.2152445344838056,0.8448759936173568
7.552093627307068,2.391435197395193,1.6180718503469003,0.5661255646596917,-0.916771304497929,0.7629611202929361,-0.0990531253361362,0.4526226557663416,1.0121213408266152,0.7826196883791022,0.4163885116537884,0.06524027034309028,-0.8354851220039555,0.3172261220614451,0.5305736845787578,-0.030455612501020347,-0.8719191676768101
5.172345176526162,3.2586253494992525,1.6138418864643638,0.3681060739733378,0.17260573083015518,-0.38354871904296334,0.1733197067677906,0.5499169995505402,0.013209841509165217,0.03110936342443827,1.2882371840311233,-0.127254235889934,-0.39126835797338994,-0.5215327229834005,-0.09256002334359746,0.40546672843803183,0.20832165025274468
2.6956087124912567,0.5670753574264877,0.09487850921271794,0.3178019598908149,0.2625070235772497,-1.7718600367563713,-0.7504288287129904,-0.7305645113807787,0.8764459886369594,0.7288351845452412,-0.4930271706663825,1.0437078890370648,0.5605608182563845,0.998547126929291,-0.07218281021806296,-0.16003253212495483,-0.8708256286267332
-1.9256097395280183,3.0651489750651555,1.359536252536082,0.4085240896528965,-1.8705997205118283,2.6436335216448748,1.0713997481954722,-0.09067256438657872,0.10097462943448914,1.3927464469163253,-0.698302431217625,0.5552384185169265,-0.4509724831284919,-0.42886526219774884,-1.0720929270301542,-0.25611165323799007,-0.0298062834149702
1.4463187471459265,0.7825790515980865,0.25577331552270904,0.5031523300502759,0.7923995640949858,-2.3609875372986817,0.41919184886571514,-0.19440611191657095,-0.5565087526459706,-0.1530285255555934,0.7591332679370248,0.7541090209795132,0.5702136569610422,-0.6826109684527338,-0.10801497136872884,-0.25425348425134686,0.5128380619416121
-3.4659837849875075,-1.957032844565006,-1.2227953809519139,-0.4554571777349677,-0.7368132712281655,-0.75476703778648,0.15855251343177834,0.2881148532005084,-0.4661779754718687,0.0047723736477936676,1.171648101890486,-0.4493758713287687,0.24612834920228366,-0.8809078971904939,-0.281261663606984,0.20978085319074205,0.09343187590086868
4.181908790962135,2.953532162697877,1.5372661532245868,0.681431752428473,-0.048948543509600186,-0.7326404261870311,0.16045073530634968,0.018028274016830496,0.3346270108912596,0.22317268626631095,0.6859969734877547,-0.2938858220084335,0.03446295518569287,-0.3736983373540886,0.3662906644152307,0.15432769602416752,1.326674982149674
-2.223268379572711,-1.0228395707709521,-1.7946900995800699,-1.0886181320538444,0.4551645902123773,-0.45283702240960994,-0.3809029586320949,-0.13592679286269327,-0.14890242377302296,-0.0946706354680196,0.9000891571000526,-0.20887255595170806,0.6743336227631184,0.1988275130808744,-0.5619587672554841,0.779306542582312,0.19739691414389174
4.06962675678621,2.669241363200536,0.9669704089396378,-0.08173495059843201,-0.2615291022325986,-0.6997920979054371,-0.5962018193707257,0.39079931081017877,0.41795911589695245,0.18376862540118089,1.1005549981789018,0.2242385933879386,0.34862111244909183,0.6613751570278112,-0.8162296619520581,1.1816065405063432,-0.20967434440951832
5.1612107055957965,1.7511713159384348,0.5013930030411395,0.09054571627055123,1.6082629211364254,-0.9889907135075381,-0.6354213047759911,-0.702805788250583,0.87650816514022,0.20985977723944235,-0.31683139693322077,0.718199124609883,0.3196133162330765,0.9981103824238705,0.28920528102672843,-0.08453734609194055,-0.5282651685087251
2.0620738920879527,1.2461925945998833,0.8078342318123419,0.9197215422511288,-0.3667755805101622,-2.0057168775531973,0.28200511101967013,-0.07545756754386923,0.20035341242048754,0.2893910806969894,0.7121082038615578,0.6907384760685894,0.8999833315147004,-0.11747351237300308,0.008723186902356133,-0.9723974049293751,0.11827217840949097
-5.709404961510512,0.5294330791694699,0.4726218882787356,0.13298347546893421,-1.9653488928460268,0.24505084229037857,-1.963481545342354,-0.37038315136268213,-1.3409855847945094,-2.0417808440874725,-1.6205136086161278,0.5863031091643195,-0.4024381626456935,0.9340030469028211,0.19578838783990177,0.5571950799108755,1.1106192364907732
-2.1986971397908928,2.338854318068585,1.13612247584208,0.5793799054450781,-2.0955050709018637,2.5161569745570267,0.8893076837142426,-0.16435170030064808,0.12730222179098838,1.343851421523662,-0.7466138720800717,0.5232421161055789,-0.19408100476080586,-0.6958349641481499,-1.1544400096739615,-0.12863162453047136,-0.01869387690015619
-0.2558805083752968,0.4567828271171456,-1.5424827421465794,-1.2512941972998544,0.5087458680878063,0.9969821061354965,-0.6792469938638992,-0.5595250779107603,0.7989340903898153,0.16934761714901428,0.1030654965775149,-1.5559286526691967,0.5974209611476873,0.16883529477244563,-0.16091810512019702,-0.4584398468592459,0.3341073858563262
-2.674293432788752,1.8597218137885128,-1.017563059705049,-1.3207972839358564,1.475751068886601,-0.009867309351023427,0.03087168798930719,-0.042327622513739234,-0.24192961470819666,-0.09959879994666444,0.6378923614822386,-0.5358981275727964,0.11335168481694685,0.31926499401472025,0.09533978396968458,-0.05692801443441069,-0.2879238667032856
-2.011608789266957,2.103673375775471,-0.5918277363640662,-0.9730478743152885,-0.5266752621907005,1.7022973329119333,-0.5481041955884929,-0.6187246950685057,0.4733572763630768,0.2200953362285558,-0.12445323562869126,1.2607677325396893,0.8537233282696935,0.203506441251751,-0.020167465730090265,-0.4811483667816332,-0.2580982632710102
2.6378247453742607,2.2691641725948704,1.346581986788348,1.0356242618439513,-0.9187001854791685,-1.3252176849822395,0.08171564078566484,0.021995853072297768,0.34167163012609675,0.47100320383596095,0.6497015276858076,0.09960342134215368,0.40718875232580337,-0.5482758846694974,0.18460837152099932,0.3835543021183334,0.6603521525747248
0.4945412992699681,-3.899471659496493,2.5470067233545186,4.619979988182559,0.2482630416399534,-0.3228976696559435,-0.7018528310850577,-0.6300831128270177,-1.118290801005071,-0.95125507494021,-3.735683804411478,-0.24932080438691456,0.3614778125801261,1.6828137128870535,-0.038109107751499546,-0.8958131211091135,0.5584669185089566
7.016428375548613,2.2455439663988304,1.7735016142009705,0.7349690332692491,-0.9543774668417148,0.4936676425971921,-0.09242519578130683,0.5106345950787486,0.8950478436503727,0.7582183035792962,0.534772841310046,0.3720883533417556,-0.789480721805323,0.1480691825353841,0.5541824871208227,0.18481688757515358,-1.123607997140876
6.0221619030318525,-6.925230236376805,-3.3409149568815866,-1.381804599081724,-0.49409433299500644,0.982884926271917,-0.04240012237017575,1.3058949794061594,-1.168849598360604,-0.9324188315533023,1.611626546803248,0.08075000176680186,-1.7560423740449718,-0.14917265284484704,-0.9624570610233185,0.1455671062342732,0.633750741215544
2.3293155188560313,1.9342886172655962,1.329359024666737,1.0004309506858606,-1.1244484936830645,-1.4367648301102294,0.04044329055149118,0.1146619915522135,0.3226669503643071,0.6371383284176262,0.6688606775159577,0.17323773814789467,0.05138422687817991,-0.2975033162175002,0.05539362707564849,0.22900801413737906,0.828233885020245
-3.713892494978211,1.1305318121552015,-1.1462891059671574,-1.2107248858875743,0.8121581814701153,-0.16944795289225903,0.041905797600324715,0.21917148381801263,-0.3990583943810714,-0.08135690218311278,0.6651772249795574,-0.46925938522164323,0.013229367347670874,0.491103552667145,0.116053547744217,0.037750076025785624,-0.7114086881854704
-2.2573894212935297,1.6727356201612216,-0.5660520361694702,-0.7847021806125954,-0.259283025355256,0.5730366748742165,-0.10999521642462366,0.18814449976997683,0.6077937387263743,0.41978770543244026,0.6696251182204485,-0.39656673666856496,0.6498972554954917,0.810058638712601,0.1386543416802494,-0.30472644872094123,-0.9999060180918383
0.8234534763074711,-0.013385189791693997,-0.6291490097344868,-0.3357694654824404,1.2982340221997035,-1.6996507149537985,-0.40102028604573436,-0.44002271201550924,-0.34910133145535827,-0.2986213295912644,0.4411064323058002,0.500743294159418,0.616973169411958,0.006958479159252511,-0.5115813459229342,0.7508374903566621,0.24375870810508796
-1.4759680077965955,3.705170767943884,0.43422525564120995,-0.7581865723428252,-1.0839443279793517,1.7392539196889123,-0.6058207866474876,-0.4243864917149734,0.49754080718979304,0.554244376767997,0.08963794069882197,1.1492878764447314,0.13035300296408064,0.3249802028434236,-0.10722239046074085,0.9485273301194513,0.468401610898446
-3.8407210322050114,-0.15277173913202707,-1.4842728279459974,-1.0885947719370028,0.12653818947409542,-0.32755473860555506,-0.11240048332777261,0.4372149384616382,-0.3582087843920012,-0.028978004148586655,0.9079250907915709,-0.3418562360284339,0.05659144433159821,0.8102127707700638,-0.04819867178627536,-0.18904576698513845,-0.4301618016878268
4.275123400422021,0.9130945554730154,0.19828939711784607,0.22965751191482156,1.1101003706837012,-1.3256386159998534,-0.7890544510062895,-0.7752577531213005,0.8964016911050149,0.33334796875937195,-0.43731591905840833,0.8296709041863183,0.5600338918657325,0.7619606598271218,0.12513018251252694,0.14050498568002656,-0.7351290964143282
5.4796715717968185,3.529960326625861,2.3742928998809445,0.3109436049593149,-1.3503334952513122,-0.15758065230406237,-0.4558105092007724,0.7185734330680503,-0.9340497247190969,-1.8627622979926308,-0.07816480253704108,-1.0547619957172678,-0.2584923953973328,0.20833722297677518,-0.29861976879043,0.09338438175783124,-0.5199726958847989
-0.4028289707253399,-0.6422865286754285,0.03344878637699707,0.8944589022367055,-0.5294878492465281,-2.5759883848203575,0.11653596715370534,-0.029558619522232578,-0.3915591828068272,0.08798526124430835,0.5387492879102127,0.7342792777609649,0.7082839535390651,-0.8507844555001186,0.0843380143122001,-0.23900990281115764,-0.28456304740109933
3.262281004033757,2.731059193098867,2.1917685721454014,0.9065957625823048,-1.5741922170472016,-1.1636882581690262,-0.46217137133796304,0.1400808183681706,-0.9141900567871232,-1.7624715033712457,-0.7233223354930932,-0.8764502768154955,0.4366044905796495,-0.011806829382322623,0.17114516105910096,0.16146340532200867,0.3703312286642853
-4.02712721350751,-0.45484266402055895,-1.5137625646212785,-0.9171119992639931,0.12167161341510248,-0.46862234068762143,-0.4170708540690507,0.14534078125703542,-0.22847771764403133,-0.03583765392855826,0.7903626125670415,-0.46931384974658985,0.1948049240511021,0.47216252079825377,-0.2441379195696488,0.055095252554090396,-0.33921519875540623
3.0226650031500104,2.6819441525950336,2.2348703243891785,1.0164128291236927,-1.5857181352800038,-1.2647184981371387,-0.5132770404979332,0.13395165152832236,-0.8979713672715415,-1.7559237475545413,-0.6999873380165046,-0.8028913237432062,0.4981650762443933,-0.11586530150586767,0.22017977240341177,0.24206917816980952,0.23151148960345344
2.2662986973646544,1.2434355396252006,0.8102811961367836,0.8489398538024939,-0.07449887105291761,-1.7666466276488864,0.30235141159501944,-0.014162582646025289,0.1380499421833394,0.1881026354894096,0.8565224967206936,0.6897279018686966,0.7376216784480178,-0.2249180277855056,0.005898890181369737,-0.8909118909517804,0.12076835435634209
5.186452897257351,3.2607145782112736,1.6040517766015348,0.35216379243998813,0.17169169454898284,-0.38282513115822187,0.18240339986780144,0.5537618765303249,0.005417107769545681,0.032293637894836566,1.2847740855075185,-0.1291378752096602,-0.40275489769507977,-0.5032936571491203,-0.097635544798514,0.39687983723360476,0.22542531877131086
-0.7348975416164429,0.01811541285141528,-1.5614218326930192,-1.1013905904553842,0.11367709195645245,0.8412887207633937,-0.8434090359903814,-0.5895018200010579,0.9500615477087777,0.30447742992364324,-0.09252592785767934,-1.5875670705906124,0.7226721520845297,0.08614339927260649,-0.20744950139725768,-0.46810238335535465,0.25243022241846225
-2.6585336389097063,-1.0003591575015884,-2.081207617463679,-1.1224108251628142,0.7779333201038978,-0.16860068002349915,-0.7844689972629273,-0.5782460523500697,0.015792647203403995,-0.15447055018507055,0.207183040359991,-1.129388463015237,0.4866889613508158,-0.38614992033239026,-0.38958234615445875,0.5803111276005514,0.15536879460191452
4.893693315839849,3.5073517629585687,2.3709605022598423,0.4876058748217626,-1.4079181817506126,-0.16558898701912167,-0.5885440595901372,0.46832384997299903,-0.7803246591195072,-1.8068728632997877,-0.2787068156191761,-1.2296987509688813,0.18101604984110028,-0.1595656278650043,-0.10544068708378021,0.015724352861186935,-0.5176128982577459
5.1013577513482655,3.4307480416008045,1.2218133297696638,-0.16044617338979747,0.5702248508420082,-0.2639410945255363,-0.48784412296963287,0.38429344574311436,0.3687601350658339,-0.0741853037576339,1.1918604991868054,0.06161951534468616,0.22925334186997082,0.7016956258164797,-0.42762514651097955,1.0201388722866271,0.05529603287404116
6.069808550385523,3.8924760763312314,2.628471614526249,0.44652972424941373,-1.2531083836245553,0.26786228286249864,-0.5703386815778139,0.6512422093307952,-0.6343650172541117,-1.8135038658534175,-0.14196072025954873,-1.2666377670785043,-0.2348340252539232,0.17933618149964417,-0.17649248759608693,-0.1287551710528722,-0.5382741582788193
4.484164577124694,3.222724810874456,2.35281637958584,0.6528483078816539,-1.7532034111943797,-0.3449909980841957,-0.6956118800240981,0.462353396925888,-0.704743627597742,-1.7418176593824284,-0.27753027512073175,-1.1627740082471112,0.3467009596296102,-0.2657135938336481,-0.16863623229301491,0.1073238801410177,-0.7142376251979865
6.728670470821894,4.009966404661948,3.423881214140252,1.1212674447066209,-0.8531688312422756,0.8053001812623154,0.5490175278639207,0.571026144920073,-1.008438337573777,-1.3615978114995257,-0.7020191839820742,-1.4655348065528664,0.08322969094154353,0.3713101485908521,-2.166306228013281,-0.3484856846680643,-0.5663608713676789
4.380747900768917,2.888866193162391,1.1132590244232456,-0.026038080488692748,0.127535680972982,-0.4361933703743421,-0.6139856906087926,0.39917154072589944,0.4408824977248693,0.07109623470173314,1.2495525376932775,0.21138380439358412,0.29127573028543396,0.49322046122300994,-0.7036579833494456,1.2354057286226783,-0.2766927651056872
3.8539867387975852,2.204243835900237,1.052146665317046,0.700342524441276,0.8091406681000713,-1.2575035434181006,0.333835474839678,-0.2002833749887707,0.23713475998704472,-0.17039768332585573,0.7681234376414228,0.2323085420908184,0.9418015962738625,-0.37975609828930773,0.3721903662855952,-0.9424321675904123,0.5156821521281902
2.676419942576358,1.3041223922744434,0.34832849315096664,0.24625012940937938,0.2938465891655839,-1.5810611289913796,-0.5467850582052868,-0.24953241028180545,0.6276381506744141,0.14412837740217888,0.7487127827130122,0.7671549355864775,1.0771197401888333,0.9060998390502338,-0.6477021889113405,0.12503174781300264,-0.1162207675701989
1.7583052638844097,-0.6399751469687811,0.14157200064201286,1.008486712152181,-0.7301918603978983,-1.89139044158969,-0.26908890460724744,-0.5475389082507655,0.5605994098951748,0.9004332310093911,-0.587973091389279,0.8375232184981253,0.1322842239835929,-0.5820509977356901,0.4981179310035417,-0.8285682721066786,-1.1008445695274238
7.545315520560555,3.004511656274071,1.9430082135200017,0.528743523267626,-0.7182457462877755,0.8182106875836844,-0.04597640420939774,0.4430603360483329,1.0671025637216078,0.8882931206637928,0.34082105494735143,0.07811586506494153,-1.0673602897566545,0.38465626228965566,0.5611625426363431,-0.08591361835839757,-0.9624792703438415
2.0159990927761213,1.1715606270953336,0.3103442373943941,0.3341981523592915,1.206068362217018,-2.237002658218985,0.4041500814549213,-0.4038067762006271,-0.49642748665544567,-0.16711939089904207,0.6866229860831464,0.5529445626433355,0.4882390289234774,-0.7513553535679012,-0.17274880695645795,-0.2141646452411705,0.7849316946898552
2.7643409743751675,1.9344714096810112,1.2412832611773745,0.7387516397451437,-0.9838498265030976,-1.216540727295432,0.17609195411890127,0.307625748873991,0.15878843342406376,0.5111182558909031,0.8132359396888896,0.13526524830287529,-0.22850458752858618,-0.07181765509049737,0.03927196461773507,0.14566500834973667,1.0599148047196056
3.0868276158181054,2.339884677612132,1.43012575588264,0.9681031824585414,-0.7076183586764329,-1.05724857147144,0.08058497404856307,0.10716417435419058,0.3656071840675585,0.3851830256668971,0.6186355102189,-0.045236068162888596,0.2599885043625639,-0.45972846767258524,0.3285986500102008,0.21967925449894285,0.8740777660488569
3.9608863525417,0.12158917213987586,-0.018888102072624428,0.2424508824821627,0.6106026433312295,-1.5459316633356146,-0.813994903630304,-0.6187670355478591,0.7798612541844789,0.43089688451444347,-0.23215170066963994,1.048733351370677,0.3665056082832968,1.0120547908214763,-0.14110879958291245,0.0918374038284698,-0.5843596700413689
3.269067940717491,2.6228679915377264,1.4706123107266302,0.8263343846430742,-0.7488516786756862,-1.0149210840124985,0.22040145820181117,0.20061928043459368,0.29713429579666556,0.4065326147359017,0.7589384985021199,0.029677954924593908,0.10409571741549883,-0.25045554505518713,0.21597795964232763,0.1867734291153179,0.8642390530295814
3.151738433947577,2.4961791120965664,1.3876917399266568,0.9340578837979712,-0.4527916815114476,-1.147810897953421,0.009475304606165367,-0.1845947806824568,0.4062470382267784,0.4179717464778189,0.5983855684028613,-0.08902300995933554,0.34480047410596104,-0.753850717118173,0.16045383733669222,0.5067105216896922,0.8931086262747551
5.1685670145944,3.2554167101559384,1.6170798110604097,0.37505056656869407,0.17524053675584766,-0.3812704152338711,0.16898364918727096,0.5485961096729127,0.016168233623083735,0.02953165789797709,1.290209495410056,-0.12660148606075297,-0.3869829068075615,-0.5311222267020406,-0.08931404150679235,0.4101707548097604,0.2016518807028236
-3.1898055310452516,-1.7150454718224253,-1.4718073823816507,-0.5881140846263565,-0.22178668287696604,-0.8367895363402181,-0.0750613482377141,-0.015703492239099413,-0.43970624603119546,0.10985137527205888,0.7589364772022045,-0.7910831328238327,-0.3002829290820176,-1.0571059432348233,-0.37052711516508535,0.04611589798898477,0.2710475321674278
-4.2748962673674775,-2.086517346833535,-1.8834998749448704,-0.5193618083695788,0.11853180148742919,-0.8925522776672014,-0.973360509194788,-0.715746110740727,0.20965448942358964,0.021808002281841796,0.03872447467762615,-0.7477374947401995,0.4546275081289145,0.22152054876661373,-0.0910107986642231,0.3328638038655236,0.9960179854223221
1.8149057600605245,-0.32802412366704026,0.17456499952574947,0.9062514265042304,-0.593436201505325,-2.089613120718015,-0.13681663949142184,-0.5556703065704505,0.4664285885884562,0.9030863088549572,-0.6655472740114045,0.8650871873739168,0.10796333216630752,-0.345254488361802,0.5694288503127632,-0.9721631999715822,-0.924461683521719
5.161010533608826,2.678715951357905,1.4335374436699213,0.4366009693642808,-0.23800446552207102,-0.4444094787891877,0.13219530928516543,0.6269275028618485,0.011878054692026027,0.034091701687171704,1.3652009386487138,-0.04954093643857663,-0.26755334857955954,-0.48310656681688724,-0.2558559028413362,0.4046156097762098,0.25433501427925226
5.375659041806967,-4.370102721342648,-2.221853345684286,-0.8939478676946766,0.11996780414482143,0.6074771830101583,-0.004642385242624872,0.8414423762342486,-0.8707398953562887,-0.6571559161547018,1.0231097580727089,0.18457677454524266,-1.5087690957147748,-0.546487292778196,-0.437802887397773,0.4388988761878137,-0.29359992055294937
-3.0089015693003636,0.21787606620131583,-1.498201413780554,-0.9592925569929424,0.653374651720723,-0.2906942331013038,-0.47027498224429515,-0.2888848559841359,0.0012172163114316905,-0.12474836937478354,0.5695261512534451,-0.6879589181734227,0.763814599833947,-0.13673976960292794,-0.24761789558847502,0.18519058140258812,-0.1450223899605603
4.4983179982218715,1.8168575102281481,0.9963679351585268,0.7345310268264241,0.6622993710792624,-1.2816174940418115,0.3592632497635654,0.016867696527376,0.15441983020677658,-0.26314229918917753,0.9767945101675874,0.43959793393342533,0.768652811994579,-0.13326864309534497,0.20219658563327766,-0.8449530318514459,0.5187332196618231
-2.4680599304039172,0.7451622735941924,-1.558452000822269,-1.41120299178432,0.6169452140058453,0.956354225076265,-0.7004431373252138,-0.9909127432750066,-0.35799676772827715,-0.2748794212122743,-0.21899561207453205,1.160496331004222,0.4659237601035239,-0.682269705118134,-0.3705808372039166,0.07080425187377413,0.3968127484373085
5.166172512893957,1.1812956998796187,0.3006041019636484,0.12349331330483126,1.179562682130259,-1.0646512113892437,-0.6549066784710338,-0.6193833283601203,0.8603616124430121,0.22146756572319728,-0.2523714704119225,0.7916819666409133,0.4248096340238607,1.0874029803616716,0.10996876606201719,-0.11054441184797915,-0.4462470899730552
4.972056559313066,3.2259986734876285,2.2872226302313274,0.35044164590232757,-0.7984752458979704,-0.4997200111909031,-0.4330006628559061,0.6970615096123695,-1.3119276226885452,-2.1289072449963893,0.08867321006348554,-0.8273219088517655,-0.2918268256511525,-0.23363288951467545,-0.3300262692561802,0.5416205608687189,-0.4852899497965052
