,PC1,PC2,PC3,PC4,PC5,PC6,PC7,PC8,PC9,PC10,PC11,PC12,PC13,PC14,PC15,PC16,PC17,PC18,PC19,PC20,PC21
LogS,0.10507607589498191,0.004492346002890779,-0.07562809007897997,-0.14278270452154831,-0.06586730952675418,0.172271964762236,0.00843198841576126,-0.09789850460541494,-0.08499644903066214,0.13469395993917338,0.2370091205376682,0.11870226244523414,0.2079793164851392,0.07825793380266602,0.1609283611767086,0.1014087949302592,-0.26451669039494735,0.05250919208607428,-0.30283173516638584,0.24333974951062295,-0.07554576837955432
LogD,0.010900212601998804,-0.04958124533657744,0.2607878106824271,-0.12164145123036578,-0.0383127963483596,-0.026660282421939865,0.07320720659763258,-0.1013052168458562,-0.10176096210724683,-0.07402462653140095,-0.01972855213456195,-0.01392169970958465,-0.0337597801571335,-0.2950008188202128,0.004119130837641982,-0.15793048184366867,0.04725485012185236,-0.054611827698273926,0.08370358051821897,-0.147750529445703,0.005109258451550608
LogP,0.1066305828517008,-0.05964572810416652,0.24221249200379358,-0.0912359073996544,0.005250773073215337,-0.016754301032225524,0.08704415692142373,-0.09399935973347825,-0.07736155494465445,-0.03876312220531826,0.06417189207386095,0.09803061897353457,0.054600008949010403,-0.1844604186277166,-0.022623006391723585,-0.10974709767687023,-0.08601578432624991,-0.013002921571043213,-0.026776774459834785,-0.02209929017727226,0.06761809546863068
Pgp-inh,-0.0890060101287331,-0.02877283716132717,-0.12909934368106912,-0.01209657687187873,-0.2291238169462131,-0.07698236460416824,-0.10002541396083056,0.030554573759965332,0.08092336004988679,-0.06148913473129619,0.11181533768497434,0.05140354066033989,0.09653191914511428,-0.04836711766395266,-0.021338430933691643,-0.059127691015022035,-0.033582216725753226,-0.01591209419801419,-0.1424519162384611,-0.15771970216249523,0.02077515529493451
Pgp-sub,-0.013372166910053773,-0.06883395275458604,0.0648798559933253,0.029369390829698937,0.09942757922035964,0.1207648422136825,-0.3284112115420892,-0.12227061477116999,0.13705569297896575,0.03810073156495232,-0.03836911189256983,0.018454226112348038,-0.29985346214254294,-0.0036990084540334256,-0.04784173434068132,-0.19318237891334122,0.00991139696250616,0.4726155687779634,0.06899560357429207,0.03495394369906189,-0.030751112702308875
HIA,0.021195056659735756,0.12048471166794614,-0.08510092215496323,0.15519949340013733,-0.013479640771164425,0.12992388698156376,-0.18448700082487723,-0.07493693000700999,-0.1186815494918605,-0.04671824453330964,0.2939960456673729,-0.02692354716726536,-0.0268266691296333,-0.12104512714460033,0.03234686051749858,0.035270154138912525,0.08682195001321592,0.0039954739617965584,-0.12129531889687893,-0.14604082619959885,0.27292808952124253
F(20),0.12625752699093323,0.08542447360248462,-0.05835569482943582,-0.12051943968150014,0.03756398806871783,0.02911146384454555,-0.21583440718589852,0.14976410778042407,0.043231237799808364,-0.015426691726947828,-0.03589302444545411,0.05210377851823356,-0.10831257032486306,0.20926823699929742,0.18052081632735645,-0.06645509671175842,-0.2979989455363869,-0.06696585583937884,-0.1256942092204057,-0.09786617778774964,-0.08900125116555367
F(30),0.09438405367318593,-0.12378982887305241,-0.0595132652369879,0.052223582055740736,0.03144655673595833,0.2172339031336905,-0.1415977150319959,-0.07620963600117064,-0.024870407476067675,-0.023696469215755467,0.11340776505187697,-0.060702148531287164,0.11442048939557659,-0.03266767633120779,0.04736889746621601,-0.13949274071036258,0.33123410435438944,-0.34788573563837655,-0.04189055381522122,0.14924629007342383,0.04073396296173232
Caco-2,-0.08763931288260021,0.052047200834384265,-0.09506897340974671,0.015132330015087181,-0.2811841177245256,-0.17778179973139446,-0.018750399424505765,0.08938364427874201,-0.024411148652013007,-0.20743802917677712,-0.04945178436496939,0.0857859714049673,0.11866898611847937,-0.11340984785962083,-0.0164875570412592,0.04464084597200425,0.04732435347242571,0.09563710986191251,-0.008025735755319952,0.13423791475296062,0.06239032914406734
MDCK,0.07256887554293048,0.060216225237056845,0.1069402713375301,0.07110568233154482,0.3125428916651221,0.15113147638955532,0.05552202502050352,0.005840879004793076,-0.13583016220861105,0.06694704631557163,0.015528832886409109,0.10271465709231037,0.006050659838598982,-0.010815463586891894,-0.013844125685052028,-0.0014453479453548357,-0.11274045223813252,0.0030806379306367593,-0.06295346679654082,-0.07024622504114322,-0.07154006852725253
BBB,0.16345988643012532,0.022983326627202705,0.03744405376377431,0.1070806880019117,0.2238758819535235,0.007515599962184316,0.0669094502105263,0.07130611499034101,0.03202878686492254,-0.06716798405593866,-0.12080107264109431,-0.05755908210834797,0.08246591555709744,0.03988054266147023,-0.035578869127386226,0.09287180905611139,0.033928152740111135,0.07400656962895619,0.036227614432414484,0.003940141150792169,-0.043762500268341116
PPB,0.12825223654029316,-0.15567758484330202,0.06603095717425951,-0.12971124304829326,-0.06454934869894637,0.1317431264594718,0.08654228519412724,-0.05593046693574688,0.013480262781629504,0.055781532133188746,-0.024879713690339325,-0.0524150474437301,0.010742590909181476,-0.10008341777257142,-0.07715885572855363,0.06025789036644927,-0.059844039820924094,0.028071634959285413,0.04556262233381403,-0.06699398955785826,0.0123119091076253
VDss,-0.06946623426253692,-0.13108422505797612,0.08743572812192076,-0.06014691101968306,0.20426909821913225,-0.08462796386542532,0.07135285899487226,0.02286271441136456,-0.056532309566448107,-0.2340170511311132,-0.019511015249254776,0.006894108906552017,0.13561984838354083,-0.18421858087731885,-0.056182521838139377,0.013765745380704922,0.1682886820406662,0.21863313385610283,-0.05142885110647877,0.07710030040494636,-0.1920646883546285
Fu,-0.11233452212554812,0.014698886078984775,-0.012729388182081918,0.18706750066634814,0.13809642034167652,-0.06256549563329056,-0.24830311911981578,-0.10613136030862902,-0.01892882495193761,-0.08119971829069877,0.09874582518281312,-0.02311682325925879,-0.021196863199526184,0.167586650956084,0.023286523783325908,-0.11994351837841069,-0.011485990983233036,-0.229001580362271,-0.06056217893137618,0.03752444081702436,0.02793883670306027
CYP1A2-inh,0.20029313448190703,-0.036572177983830376,0.04221105216337698,-0.026791039763859728,-0.06372761976564527,-0.17112044980898378,0.04262571156114119,-0.10726023550479027,-0.013142066649511591,0.09319109388885108,0.07738612545015716,0.06908396341119721,-0.09789555822119059,0.057172727928098854,-0.012881642809477234,-0.014869907018266848,-0.05300254098539138,-0.006775440540766398,-0.06155982817998029,0.06286870765662894,-0.03495311514584875
CYP1A2-sub,-0.10419900889375514,-0.034828080990099215,0.2000584278455132,0.0777187787442091,-0.020503772903352837,0.06363991700228323,0.003966317932528906,-0.10816837440181289,0.1984307060475352,-0.1188691775023669,0.10651796290229976,-0.11344171096951702,-0.0947754120174174,0.08338113406666535,0.252262764602078,0.227563488851171,-0.016075079343221527,-0.20247184953940206,-0.09546501578993058,0.038719686830217565,-0.14049631636812174
CYP2C19-inh,0.20176927878382558,0.0260361803295973,0.13078447989583164,-0.03164247884065893,-0.04257020331399544,0.01131931370432829,0.00888226819859835,-0.06826091603597625,-0.055708945867279536,0.040155260688730515,0.036376139995174056,-0.06516889193704867,-0.02458896682105477,-0.10568409575950236,0.10649281466855114,-0.01975380611260305,0.03709685392403955,-0.042731187844026186,-0.05242408746648182,0.012041359392026219,0.08226111629366595
CYP2C19-sub,-0.16045882048934862,-0.03227059022337315,0.18230409682706536,0.07962964851566945,-0.04068952223364323,0.016582385511608393,-0.11298337336307746,-0.06811270538644448,0.016910512871933125,-0.07801178673585439,0.07871278958409056,-0.10494678486682672,0.029336439127051972,0.04295523091675496,0.005227046188821249,-0.06637759646188116,-0.19785827715694942,-0.029050672077682624,0.01963584315929373,-0.006006359808880007,-0.14565921661596926
CYP2C9-inh,0.19462124463572114,0.01909505581072057,-0.005898441012054313,-0.10434843324385562,-0.061223147277034214,0.07511191558667006,0.0007634296186916634,-0.037814224670090095,-0.0017731934353816259,-0.13134707035333523,-0.04080133852533874,-0.13881825073947318,0.1591197184250345,-0.13624094516387925,0.11081120667201594,-0.06477530939547266,0.12143471789807775,0.03539624381148446,-0.028752570666316216,0.023473590364708447,-0.046891910179018226
CYP2C9-sub,0.1373672751438507,-0.03466372895740474,0.02314989088331992,0.03319253477406101,-0.27090825117330497,-0.07065328560589815,-0.04907661963025165,-0.06067497279418679,-0.14055737257326797,0.018210776563501084,0.0953503485998648,0.12295224777894917,-0.24660920938893915,0.14422797618858035,0.015156666772691868,-0.06560569522433106,0.1141794393446024,-0.04777388638133398,0.09257516881032604,0.08514927025384941,-0.17150542976352184
CYP2D6-inh,0.19235640972183987,0.039579219039104295,0.0643808046000194,0.10255907449899643,0.03656071962564353,-0.06214177954469646,-0.13003847278010938,-0.03361434087103416,-0.1039079782436979,-0.08153727333641587,-0.06332843747373967,-0.05926444266586585,0.06566900374273271,-0.0387706593525558,-0.09014360342423544,0.021601882220683988,-0.06840293884978238,0.028805120450994592,0.04951960504011288,0.029342337377860572,0.03814239910987605
CYP2D6-sub,-0.1268155198276339,-0.06713041675725791,0.15490768689618245,0.07391834867084911,-0.05134017844701407,-0.0011154816121064345,-0.17736024852642165,-0.15069867944315016,-0.08736227841651728,-0.013132933504535645,0.0112922376459975,-0.09108002865160997,0.1442889287559705,0.17399635791297074,-0.03338162182079535,0.02769779893343724,-0.0356939011703255,-0.027958393009440807,0.05763829347193766,-0.01055801403022033,-0.22508018844413896
CYP3A4-inh,0.0674251731607303,0.03341046132779763,0.16731982389285083,-0.12515879515876535,-0.16007877502358916,0.053451552688316126,-0.06706901048253668,0.008319399714527923,0.0038374428425883332,-0.05195574577662664,0.1056844826537621,-0.16946854068648604,-0.01744335831465893,-0.1986302822630717,0.35191706222655633,0.1546084953649217,-0.05192879992874077,0.2895403431486999,0.10357514937502596,0.026553884178036613,-0.13526119826399274
CYP3A4-sub,-0.06885143820058787,-0.008339965591559268,0.24378122508368683,0.07265300156904829,-0.025713734510803398,0.05724000542775708,-0.028833121316638902,0.16248341465929703,-0.0028999734084935104,0.13013239423433287,-0.136256480864229,-0.030403419795576234,0.1404950673189765,0.0241161391170584,0.2178408938087487,-0.2236010204824327,-0.11011140426965917,-0.09620692724267829,-0.06723040072856429,0.04304311622882717,0.12022569392712895
CL,-0.02940363539733776,0.08181996662490192,0.09603165467767034,0.06563205253665667,-0.05541504704291627,0.2391712130239745,0.17208292684765017,-0.003152797806272768,-0.2537120213969924,-0.23226487331540582,0.171411935282893,0.09693022155450214,-0.04297852507650474,0.07965009771495486,0.21328487298444887,-0.1557830536832413,0.12373103910431574,0.06782239530916985,-0.05470194172593744,-0.09517388368730206,-0.11424277068792296
T12,0.014957787546062811,0.04505239636720179,-0.18139927998209274,0.14254229698835194,0.1634310059416628,-0.16719567597820884,-0.01805103277627327,0.05824386463622612,-0.09833885543976181,-0.03914462448708283,0.2962217976590037,0.011304251120038505,-0.09501934461347744,-0.08070961929178846,0.09193931105398315,0.1404593056512496,-0.018095505897438226,0.11033396733480938,0.03321472982944801,-0.1005785943346043,0.0980905100472356
hERG,-0.13449008851638244,-0.11131289653146134,0.1361831122304376,-0.020263966477015803,-0.10608204400368487,-0.13529064002392147,-0.029055789319412467,0.061763178042361165,-0.09320320284477285,0.07215897596105762,-0.08606114452553269,-0.19288687852112882,0.006755291256016948,0.0444534893608016,0.11987651592133841,0.1703819263250505,0.029744664756625752,0.048028134458206834,-0.16731259283751782,0.01627630100011035,-0.04340012241745416
H-HT,-0.011581933905178237,-0.12545594319759268,-0.05644310009224713,0.12707453610199645,-0.0837539702279665,0.04573976181683456,-0.16873939362110302,0.2712430882818506,0.0431682206488234,0.13222664593506733,0.16303081092302038,-0.04124138032871946,0.18294419289085284,-0.21444657096498648,-0.10122802363623247,0.024064366022510608,0.03050547337437061,-0.034228182654425884,0.26923663421612615,0.020857262964787293,-0.24999527542413585
DILI,0.0323036713551239,-0.05519887173869194,-0.013772570762306148,-0.13617438675824187,0.14468929599037925,-0.00943290332085779,-0.03315675259849512,-0.07069832477399442,0.422319900986125,0.027702377002450734,0.2834895760921145,0.08948628844558962,0.11481083138175055,0.06300054382785038,0.084921301954991,-0.22453853351941744,-0.06924829834471358,0.060974285512382154,0.16884855813341232,0.16558586250894902,0.04961752977302919
Ames,-0.054890354724212866,-0.012592550707142085,0.18622780437377487,-0.07255827246599644,0.14260837919692154,-0.00776458241581048,-0.06460635544181943,0.3004162309517434,0.07430951260799581,-0.10290823551932878,0.09243097341591995,-0.07754252027051686,-0.22296844793085116,-0.09436238265029624,0.022092589563749702,-0.0784972661510909,-0.07347221736100285,-0.06730320673561133,0.1380108044125485,0.2436022601997259,0.04067451553271807
ROA,0.05709938992379589,-0.112756905981917,0.1019534771994137,0.19776020352431026,-0.12779420874165348,-0.001377249949827519,-0.027791900812303313,0.11296674523043718,-0.10217954891053045,0.14298346537804865,0.04617670266668731,0.05611417710994117,0.10172579007364177,-0.09122159972283896,-0.07021965954017154,0.0930239999819131,-0.28364712632838196,-0.008011220169960052,0.09513440142673993,-0.028668652930498084,-0.008960070974503798
FDAMDD,0.06635052412065394,-0.10003186666872693,0.0328486762470049,0.20447681198777876,-0.030178017968820543,0.00627017612799576,0.16108840211059677,-0.08208733731543029,0.0682503002985981,0.26372888293668817,-0.03249660358870627,0.028707860726439476,0.07067911951855585,-0.002107413494234644,0.11445284552084513,0.258813868825855,0.17326704908236096,-0.031242396982383028,0.12381946759406454,0.027723288227468904,0.1504427723216487
SkinSen,0.15747491705394814,0.023416906843059287,0.03413463500239972,0.10076951852333972,-0.030824172865518213,-0.1943105396830449,-0.08900029429758509,-0.031090207951888348,0.10197579939568423,-0.118147249946925,-0.0890507766943233,0.2802165931214975,-0.10121521590497196,0.05728856516385818,-0.08190755688140688,-0.11138909435401173,0.042561301139325526,-0.07312832456796854,0.2004124582353128,0.07159060747492804,-0.04901333949837028
Carcinogenicity,0.15385467158806806,0.11135407510292154,-0.011874470979175149,0.04063426334837999,-0.09458640951987063,-0.0630248242073373,0.007516172703503391,-0.13752194584924482,0.15574516960096185,-0.19904056591085592,-0.015672086286552016,0.11566879242034558,0.11906973486992234,-0.009891526878930591,0.07886498670086017,-0.08078805862064946,0.084254993827786,-0.07471789557055629,0.048288467058810625,0.2248557722382296,0.27770769860609723
EC,0.0,-0.0,0.0,0.0,0.0,-0.0,0.0,0.0,-7.395570986446986e-32,-4.930380657631324e-32,-7.888609052210118e-31,-0.0,-1.550963648536927e-25,-4.963083675318166e-24,2.6469779601696886e-23,1.0164395367051604e-20,-1.0842021724855044e-19,-2.710505431213761e-20,1.3552527156068805e-20,-8.673617379884035e-19,-0.0
EI,0.12397259515395267,0.03480502103970438,0.12301347295928501,0.015226084168311366,0.2618212587192118,0.05413405422680634,0.10490361737910649,-0.037426961710070025,-0.043543002396338196,0.0583986615105917,-0.07018579224005747,-0.050878323007300864,-0.024372149784405606,0.1005601883768898,-0.0715509673895197,0.058117963908573614,0.027290511092453177,0.07898770950824677,-0.15634225700080864,0.16010951053754835,0.06100569960794651
Respiratory,0.033442763788558066,-0.08034937800509431,0.07012206299300638,0.26459501400563157,-0.010736001179842412,0.12212600937048006,-0.11332330217787699,0.008508702438681844,0.08378525984094069,0.158080752322574,-0.04303383761286803,0.07683204770786556,-0.0793624987163047,-0.008755077184545598,-0.017057533615915395,0.11545145386262808,-0.03727905945559056,0.07265609817974447,-0.04461840297822798,-0.23698944045386652,0.21704367043914316
BCF,-0.04797117947419894,-0.08313657533063178,0.2039305873565645,0.10999505488839098,-0.04283594556898568,-0.2386208467028807,0.05401593232969822,-0.12415071319339557,0.12063307284675291,-0.03453414803847235,0.018279131258482573,-0.011979524833259623,-0.030338808488190143,0.035737602945916526,-0.04716852034827122,0.04452598009167115,-0.014543699217406636,-0.14370625530352998,-0.14887170816475473,-0.11977578388879065,0.0520276729832755
IGC50,0.14325877063222064,-0.08693406724539776,0.11104058614721392,0.12602357372230427,-0.0214610080720599,0.001588715028912557,0.18430267363123556,-0.0013343798245404397,0.0073600797353530496,-0.04124832271220728,0.23514784718018028,0.007746377919528288,0.04562732273803594,-0.05613592087598741,-0.13424190037204525,-0.0714731939060921,-0.022104101613987424,0.022997596617683334,-0.12218801800588024,0.06431290516082508,-0.0389190033585527
LC50,-0.055508451136351,-0.11572386242300577,0.21770255335523098,0.0767138731393287,0.05753721367247816,-0.17244354501731884,-0.03109391221065115,0.06649234378800427,0.06873626909952825,-0.09566714134631897,0.14881364406338435,-0.07367510021790971,-0.013477010949095897,0.02319153740336006,-0.001459334567057373,0.04574834660640393,-0.038570889543562616,0.015814802135951184,-0.07615951505535463,0.17011100146342797,0.07475721986584269
LC50DM,-0.06799920130957508,-0.06855728594458724,0.1438736133553898,0.13559316357713155,0.07380388879437194,-0.18027582616990465,0.15126674024020575,0.11019907389574192,-0.0880456216435388,0.10245283801086684,0.09691726105438186,-0.06474750837746363,0.07014190061701199,0.19642042437451657,0.03898332984439223,-0.2240695301833299,0.07706539285231309,0.04647829809439725,-0.02166394068047911,-0.2754574214837009,0.06532795031633426
NR-AR,0.16696774228597416,-0.00017682601979784684,-0.0727738060028558,0.014879347636198274,0.18206557356169184,-0.13976575547164835,-0.022628462145572636,-0.0595413509010737,0.03154314277450926,0.07858134758228748,-0.008300114322260273,-0.09637291038479234,0.07939976230344906,-0.11296517478029505,-0.11448454757388384,-0.057391833491573487,-0.21381123727503765,-0.11206970319393622,0.14433427622293735,-0.07937942028963013,-0.018409879108123143
NR-AR-LBD,0.12975756202666505,-0.11676792043956843,-0.005886527067629277,-0.122819295372073,0.08281334636580422,-0.042867989163776724,-0.17550400787030304,0.15528042325237687,0.07553234084220567,0.050590451067593044,0.018515831632714704,-0.06552896028720459,0.14935560506387086,0.13776169972140068,0.17585917134854978,0.11963701896028692,0.19187903786637858,-0.0686359927848818,0.05498927182135297,-0.07843498326547314,-0.0159104628224654
NR-AhR,0.1559549399690569,-0.059335527960153976,0.08810823989208653,-0.021609212804738737,-0.12647678593983772,-0.16357516228009578,0.03839573012756405,-0.03062466891986711,-0.08740639157607502,0.11416028274353754,0.15279641595551957,0.19356417280850272,-0.2449781758612132,0.0958679019344274,0.09705714794779005,-0.0006845603304251045,0.06820726555553884,-0.0885488023654292,0.11656843440698056,-0.07992746904585339,-0.12875944247479326
NR-Aromatase,0.11424758351972578,-0.1121267901860464,0.05034949117937872,0.009118928881223082,-0.12008475507886537,0.15189882361882512,0.15694296002571229,-0.1654713351151696,0.1802074921808849,-0.01624767645173919,-0.09555991867193779,-0.15560077948146858,-0.11504344486925877,0.10323088523160465,-0.055585732356387745,0.10505619006085679,-0.07108002517582093,0.012875383815081722,0.09997033372024666,0.025920644476031734,0.0857427780065047
NR-ER,0.15756716705015564,-0.019258136059274684,0.01529030943050104,-0.1861551764102316,0.024171825460188912,-0.10485320686033464,0.009668782795240853,0.16233687402237995,-0.05091555033519414,-0.14770541337483406,0.021045569801847495,-0.1163613701124365,-0.043490217935592705,0.20042114599158795,0.07456712236982818,-0.04397851048373198,-0.042816445865786354,0.09875538430549252,-0.028328033879102384,-0.10154580514918017,0.12514810819533637
NR-ER-LBD,0.16798584789566634,0.13572743861853967,-0.02812656753614209,-0.021718011206014968,-0.06897449775699609,0.07368145634990175,0.009061783637829841,0.1979920857135318,-0.04945798357622304,-0.09195986748588514,0.041977713118436004,0.04119070104075808,0.009030503831985648,0.07971147242950996,-0.03944889413526007,-0.058334847540452164,-0.11610473504075029,-0.027823456251409993,0.015289231050729728,-0.07938340030957591,0.058409536383164824
NR-PPAR-gamma,0.0213005895184641,-0.10201964021331535,0.12586933887399246,-0.0432919122587659,-0.18566344278004146,0.2812939836780011,0.013729657426439773,0.07691406015050929,0.15290841018625698,-0.01146580901155889,-0.1245946154359094,0.05922512802803356,0.10540977499910235,0.16291696005326317,-0.14453802284166117,-0.11507791415919598,-0.03937099205766475,-0.041912892404756485,-0.10458858163397661,-0.08797254854774238,0.022708032324837188
SR-ARE,0.14767915631370132,0.06103968447930926,0.03296319305158937,-0.12298954644758331,-0.1170693181042941,0.08422607925213105,0.04676434862620197,0.2920675624109995,0.016314331100860145,-0.08121188759786567,-0.08536026382002482,-0.03142634051261335,0.011251795039613422,0.18127363590599263,0.01765932876383279,0.052694090533903275,0.03484163842430527,0.08434699863276851,0.14424324271364264,-0.041257894350718055,0.24479680099483125
SR-ATAD5,0.172565654201487,-0.08098853360206111,-0.04345552285212586,-0.012101736648395247,0.05847569410475278,0.06198009325720797,-0.2009630410012911,0.17536564809709862,0.00013181927840713774,0.029211557576272706,0.035353420003454795,-0.08763698724514105,0.04545784110391067,0.028943392503753367,0.04921124497302138,0.07237347249255399,0.2681781565052467,-0.10364160202101917,-0.040672532643417074,0.03521589094981424,-0.1226786625357196
SR-HSE,-0.013739348233326884,0.04173668824210819,0.1926988449486461,0.16861657415378908,-0.0716178424378924,0.1288541258380531,-0.029044907126376213,0.18776855704179302,0.05570333734580162,-0.014965226844198286,-0.11433819482275928,0.2729516239819848,-0.05180896836332509,-0.05634904830225415,-0.08833226919089728,0.06352011042766699,0.08866823074272995,-0.060749281209099344,-0.08037720416190984,0.3043932681524267,-0.0037450089539188235
SR-MMP,0.14315600444949048,-0.11002343171648514,-0.027345995226567783,0.08494637807028377,0.0165029689816379,0.23070604064658098,0.05562294985021131,-0.0255373595327924,0.08795491901507717,-0.06914839797376197,0.1716699711081767,0.026859541414657503,0.011700553609861584,-0.056645926131405164,-0.1391417058867154,-0.208304404337472,-0.06779778712001806,0.014025898982971553,-0.06934889243277902,-0.12647305627377015,-0.08436296049042157
SR-p53,0.033083289880644684,0.013992729259745302,0.21350129339097887,0.09426774287140409,-0.025650262820438873,0.004941920747454955,-0.17003843123577161,0.23468489713557927,0.1505197535847446,-0.048241677851224844,0.003238657259262423,0.1694741173551157,0.05436078919350904,0.011747285109805727,-0.09530732531315152,0.027057887275589,0.2545623423690209,0.1610045764707604,-0.1833360016388136,-0.26157872040171476,-0.08431396819343012
MW,0.005752393400776447,0.21083359375914276,0.13352014734633677,-0.11325242615483062,0.02481775717439309,-0.05362170285706755,0.02166702903079822,0.016615721310151516,-0.021776866252865745,0.16384154058656125,0.026035622237662256,-0.014551557091250833,0.037831476744375536,-0.016574877280893404,-0.061761256555268325,-0.056418095951107056,0.026408283039271823,-0.05197094479162124,-0.012120390725344378,-0.001091817920114082,-0.054814705387601755
Vol,-0.004956212155945574,0.2017054748590314,0.1148578389922527,-0.13465686363330345,-0.04343822194257336,-0.1029565628359911,0.014224999376798435,0.013760916290060664,-0.017151273264047053,0.18018527470513196,0.03953634438374248,0.0008787869047428656,0.04675364159070623,-0.03504501562833292,-0.07867659633631434,-0.0994431222637068,0.011136578824668304,-0.04115070955988447,-0.04424655330769007,-0.0013419743020753752,-0.062066957603149835
Dense,0.04128981903183568,0.12759081045576226,0.13337132367743393,0.024202519791746806,0.2727560328423931,0.16853268368835053,0.02591206782515191,0.010004110977355523,-0.023462417131822916,0.016775481396207312,-0.00967609433167723,-0.05595238035570369,-0.01047202010891907,0.0569880820737366,0.040388787045412704,0.14246250490774678,0.056901505301253326,-0.08501398355498152,0.12900437176581783,-0.006677726773560452,0.029195677347482046
nHA,-0.09242715305679193,0.22307130146676118,0.017580830840734325,-0.0827110263577322,0.020036991827297304,-0.010725830663650302,-0.0566887679846601,0.05499942367563754,-0.004948248112247743,0.06427468629328939,0.040858245632862056,0.04392147922486273,0.043887409730925996,0.05116882734563278,-0.07423064560626616,-0.00869986893168866,0.03982486678291352,-0.007916413814212105,-0.018238200734044408,0.00790843716477723,-0.08343214893166948
nHD,-0.1407367412838337,-0.03216913101586585,-0.08420945647569422,-0.08602347659893414,-0.0912301872611671,0.19662200164659982,-0.07599497039007544,-0.0877075481039726,-0.033662584668181235,0.2701121188569777,-0.060895310246984524,-0.06283313886240302,-0.2570543926700077,-0.05750311511820832,0.010028813796814685,-0.062047765891849065,0.1682586143375191,0.09549800012124057,-0.04253296343852816,0.0371148216780507,0.08557009349080864
TPSA,-0.03688151470083347,0.22910086332262722,-0.07834257668200753,-0.06511620648088672,-0.014980839503968722,0.06525057173096331,-0.0068278234156595894,0.04866334982094832,-0.0010027302623686985,0.14946647710540106,0.07534762250711018,0.030589574829915124,0.02326127481868454,0.021137928521761783,-0.1085180684583204,-0.03433455976567511,0.0729701036561261,-0.00987219993061722,-0.04049799488659488,0.013188695619834044,-0.08035103980653749
nRot,-0.04474129138168365,0.2330269605025951,0.055325801828263396,-0.01388665572471966,-0.023720707438313275,-0.09351211813137858,0.027184969712157683,0.05565129604410074,0.028916315053036035,0.17135212087742557,-0.05218301032734844,0.03576584865978757,0.030457114831046666,-0.0789190982318562,0.018116615028906338,-0.03470778552966446,0.026478282875582154,-0.04173494166447908,-0.05436681813871081,0.06407783049882247,-0.08024238294167557
nRing,0.02025099678568879,-0.16227155572724836,0.10653172104442749,-0.22241369353302892,-0.018168129755375288,-0.08593766664788695,-0.09085788467926036,0.04194703742679714,-0.0470182571876693,0.10508787748066305,0.07121288542715341,0.016579125523249656,-0.0312931629222661,0.02805040832463995,-0.07140703854348963,0.08362109295619914,0.07372090238409863,-0.07688443916635626,0.0322199700645559,-0.012115009162388776,0.10993478771097055
MaxRing,-0.10138525007754848,-0.06824125733625791,0.09817092698364631,-0.223982169892306,-0.015139775929311728,0.08951714993896547,0.02702957307331912,-0.130804097272216,0.052774669522164246,-0.18291869594238674,-0.1094349100572491,0.1168098055663036,0.07142695508578091,0.09868425268900445,-0.19714537350884764,0.059629145891714926,0.08730861108828196,-0.061725475721084784,-0.0579505750366331,-0.1410434167488974,-0.05184155896086563
nHet,-0.043300838410011734,0.23037964850203033,0.095822825674223,-0.04677297769906842,0.09449210024963234,0.03720338768492593,-0.01511228049867193,0.02847348051344352,-0.00817207122223389,0.07795257525326316,0.014196382245990088,-0.013096029069512778,0.03519960114999897,0.04383576893633378,-0.03328291675860767,0.02324786523024936,0.05098547335515684,-0.036537122822262,0.03628181316771026,0.009199275889482857,-0.05240423390085049
nRig,0.09603128022817269,-0.11085659262316111,0.03895926913057198,-0.2563459747852109,-0.021245356470094914,-0.08972634511645386,-0.05317260920732448,0.009349408333150587,-0.07415798948665496,0.06878437121801659,0.13737482778567248,-0.0542214724768089,0.020311882448864428,0.09473671946445336,-0.14177555680464501,0.0036776457707728646,0.07923919588127588,-0.037190462385974905,0.03382474785826575,-0.07518831201435039,0.04458940788352779
Flex,-0.06062266651340054,0.23233947180332856,0.02944167510643946,0.04339997284409354,-0.03172682827188144,-0.07693144029620279,0.051167045856244965,0.03804905667374328,0.05434401471267023,0.11142704438859828,-0.0794959676162946,0.052896966632376856,0.005692165592737039,-0.08124374965410398,0.0693288156154917,-0.03392784809722729,0.03579128587527562,-0.016226713889511815,-0.0615788444830932,0.06447297532958522,-0.10281707390910756
nStereo,-0.19938763780427815,-0.07132260401559386,-0.04595761347161175,-0.07795167897565129,0.07329890668879525,0.08800115945420592,-0.009754069569214758,-0.01982263593407625,-0.042645341991935135,-0.018461996719142674,0.13779687883455502,0.03271327728379797,-0.13926202127626477,0.07915264558572666,-0.056946349059290316,-0.0011348866161453727,0.045095276121766364,0.0238738001576183,0.00030734492969406574,0.06455795046117781,0.06400672200029481
NonBiodegradable,-0.12800097414596526,0.005084037375578842,0.07291035284164334,0.082612542776876,-0.027513259805202837,0.020165589779898574,0.01096953001886114,-0.18375238476481653,-0.042549386009128706,0.11273859614043465,0.08462661703097243,0.19005923379756598,0.39694653531453405,0.3217885884854368,0.06517032870731841,0.0031594630623321433,0.046328436122606016,0.3043774813756224,0.3196817665653961,0.03193250427849247,0.015529568855508866
NonGenotoxic_Carcinogenicity,0.16747279619458774,0.015694967190716395,0.042893543474357095,0.10524929621885279,-0.023141214931338312,-0.13579777992576153,-0.1363965521953644,-0.030809621241342365,-0.1098683585703106,-0.08512699995054138,-0.02428066338829632,-0.13298231379026448,-0.04017042016569973,0.20747289773971198,-0.21577601222176684,0.06304347335422084,0.019275303192797404,0.22740290250870288,-0.20653985844346098,0.2519004519038887,-0.01586873732713362
SureChEMBL,0.031903983711812356,0.20489277012329338,0.10193111491397734,0.06814613666650374,-0.007191046468287472,0.08968723153626747,0.10662874767413263,0.012657067539191614,0.09142846231363994,-0.05150605799853478,0.12865332160562992,-0.14367996111609738,-0.019048295999788856,-0.044405825055014725,-0.11890544398742066,0.00833147910522037,0.041873853401933676,0.009603698083726245,0.1915361007723841,-0.04533860935277735,-0.0457872028185919
LD50_oral,0.009331416957632344,0.08032689446718341,0.050227586693898874,0.05958704796798616,-0.13134142545011754,0.0973696431437962,-0.2555106170591584,-0.07631267520834487,-0.3338403436420719,-0.10133410420987762,-0.03817544043356346,-0.2685600976777976,0.06952406261866702,0.02660613454020266,-0.2644033225558577,0.01083370431699068,-0.11341179558409062,-0.1036309289816243,0.15856418339001743,0.05669303206255632,0.07483693140186483
Skin_Sensitization,0.14383222281100544,0.16454528248410283,0.00045544118086327976,0.01396585594168733,-0.0370799858197133,0.004130576145408243,-0.1041471967044578,-0.17277323794201668,0.11255960575797704,0.04925919599588102,-0.10420453410653296,-0.08517340016720372,0.09568338643280692,-0.024291929190856532,-0.06315832200287244,-0.025448898907465465,0.022114581386254002,0.06346149003113279,-0.14181971025090587,-0.02839414291736673,-0.12424706082026793
Acute_Aquatic_Toxicity,0.18071399046705622,0.12005223556186406,0.004208877102096028,0.0842805690681119,0.001243199799667059,-0.09111430521361767,-0.05000538151225629,-0.08217732065607028,-0.06297097746940358,-0.031147201747392272,-0.05673878900590193,0.01996185872404361,0.15125796393990726,0.036158534483397176,0.11635862917223702,0.02806435038926105,0.04543853368518999,0.0711682476828283,-0.06722490983905094,-0.029831761191231425,0.07527665618375888
Toxicophores,-0.006914668144370951,0.22916313334967933,0.08121383069503878,-0.019852211717517672,-0.0635499598926391,0.037064359094518086,-0.037763399990308304,0.03569339371086273,0.11096761963664592,-0.08681715731164209,0.04591488844491417,0.07107558918976399,-0.024695587920920838,0.0036737246568523205,0.022608012327594785,0.10598503266591039,-0.11223128997459997,-0.035742634408877504,0.05896148714723407,-0.09731909089098573,0.05526548886405491
Genotoxic_Carcinogenicity_Mutagenicity,0.14173243847379327,0.07263936901766704,0.11252742255143636,0.024598227064189442,0.039624656943039585,0.05498927027513031,-0.0991210046643105,-0.15628051168435333,-0.23222568925974313,0.008112294352733041,-0.18807426514996348,0.20444816548751166,-0.13481164750615718,-0.011822922425376043,0.18172625841994774,0.0002386396882127741,0.03660392510241543,-0.0576269383662708,0.18151647180656852,-0.03658505174037019,-0.09781404280492706
QED,-0.04322035285080508,-0.1482237831503689,-0.1507801724638833,-0.0367240514340589,0.10942972473347241,0.0673873289311193,-0.03137735622563327,0.024675356810182913,-0.07974898747305005,-0.2447790607841456,-0.187272152771895,0.211391539895927,0.0666718212086926,0.026355982972758287,0.1301823405980925,0.12857762596673916,-0.1413952579715482,-0.1029155267758181,0.1173919708871353,-0.07756815427507231,-0.1649144914638428
Synth,-0.08994132492591796,0.15153922112631227,0.02914846148258086,-0.15957101020656475,0.10310108741394884,-0.0490186682475878,0.017514923174564608,-0.1451593787686189,-0.026263718697146474,-0.15515187519878046,0.17176766650612219,0.0872052037554436,0.0016273621461282944,0.045643544259434024,-0.125781256051566,0.19164205541551124,0.1355549508496806,-0.026581756318877,0.021681529650792685,-0.10693324119297144,0.018548048721802154
Fsp3,-0.19416052923568572,0.08649546022392232,0.08482149110873881,0.07016363632653164,-0.003015329718389269,0.03931901935510595,-0.034839639622141344,0.04455724078447629,-0.001192457926405494,-0.15683232338062877,-0.014487807010374257,0.06588516577025222,-0.04371260664027074,-0.06744766021121971,0.06746732717485768,0.04530865183927449,-0.07702681176162014,-0.015733238829243212,0.007416928687999226,0.012216194680342884,0.21831780593107958
MCE-18,-0.006428999037510539,-0.07036681216956871,0.12731104684680042,-0.1784630377637275,0.037874448202270455,0.08573842078105216,-0.14366022277589088,0.0522049301961576,-0.12937124752422718,0.05918498209041489,0.15105691997366585,0.3538509482639584,0.040103137991452154,-0.12141936103131153,-0.16380003106689867,0.2969521092757094,-0.09286592667270399,0.011033688464279531,-0.05449817970173703,0.0755598544884544,0.16125237953180233
Natural Product-likeness,0.13702834543469913,-0.047151501040060315,-0.15224535736779946,0.20666767629645377,0.006032827548101779,-0.013920210191130935,0.05444479532678823,0.06113302838691427,0.013352565164006161,-0.03540022123795932,-0.0351785735031999,0.08821643963702931,-0.009303500571622372,-0.11139482354032858,0.04534935253070255,-0.02758398940662456,0.02241534031007706,0.06533961768532481,-0.16410682904795448,-0.06039400892133536,-0.13863037012435797
Alarm_NMR,0.11725453155329701,0.14855769871018504,-0.0038324798263429027,0.026680820699964813,-0.06186026208534201,0.03179521112286546,-0.008484659673830141,-0.08285313416809276,0.29987823306268524,-0.058432326458628274,0.0878424712570473,-0.04907700853246577,-0.11444016201289457,0.01053877337535996,-0.1140630197069425,0.3140626620178724,-0.04600268042525343,-0.06074762453442038,-0.010302430971447344,-0.1303510040229914,-0.2073632818568018
BMS,-0.01805362881267711,0.21537026186011823,0.0428354534043273,0.06050493573642672,-0.16271117142350738,0.05675927097455383,-0.025668407950078458,-0.03143431781827835,0.06575055310650567,-0.0742997807214756,0.08977267709193443,-0.13077667909059199,0.030521615489169956,0.003981636134078463,0.03482149055541821,-0.004339023112935937,0.03903159822915355,0.0456370979914739,0.11131781801348994,-0.06320350483974613,0.09055231334423994
PAINS,-0.015304915220191171,0.001728176696024708,-0.07921333565641808,0.12364784961027805,-0.09863605306558715,0.1142633858428323,0.3547266003130767,0.20721335416606307,-0.113694060924908,-0.04181846613474869,0.14397830121595298,-0.0830569906807379,-0.1184695741863653,0.2199189107569902,-0.13601488425637856,0.04001745632039779,0.010903066045887946,-0.005187042190908457,0.08320069504749883,0.1564076329125821,-0.12582243083044575
