,PC1,PC2,PC3,PC4,PC5,PC6,PC7,PC8,PC9,PC10,PC11,PC12,PC13,PC14,PC15,PC16,PC17,PC18,PC19,PC20,PC21,PC22,PC23,PC24,PC25,PC26,PC27,PC28,PC29,PC30,PC31,PC32,PC33,PC34,PC35,PC36,PC37
LogS,-0.09751370173057863,-0.12829921248777323,0.12646489800104066,0.09446729995674598,0.04894865524383153,0.06545628953531524,-0.10698549464717486,0.19339564577985352,-0.1486565672499827,0.11476317061297875,0.08984242106181087,-0.06005467463534107,-0.18831596697971206,-0.069334587879883,0.06757539130629055,0.04511429294829041,-0.012035247872916505,0.053527453875965546,-0.009146955645984988,0.12281485228912514,-0.003574511250664614,0.026327597724031593,0.010998276446574315,-0.11264864716123689,-0.015703604221018446,0.08941417647373395,0.1483445790654201,-0.04578838164316419,0.03253843167152765,0.1971111153290221,0.13126202134575624,0.02472292774685202,0.06636048682681596,-0.018838481255038016,0.03291052204608988,-0.0362742471342998,-0.06322942777884989
LogD,0.1348037028914888,0.11731412668954322,-0.017316628125130795,-0.17253640949156054,-0.07973238419971229,-0.03991050055601301,0.02520036313658741,-0.018181144874092225,0.23144055116197548,0.01626124256477173,-0.12394393643091782,0.03233143761446746,0.1410086916154415,-0.03562594785516689,0.029270490290764187,-0.07702125877751412,0.019527601714372168,0.09267518578505095,0.060328869594337024,-0.022733350907485933,0.1169835693559827,-0.09396339647313567,0.07422972442423736,-0.0014808431141438688,-0.06925726787643775,-0.10924678550405556,-0.09918795286012415,-0.036685059272808816,-0.02309164552013428,-0.11150566752224558,0.0559350474502843,-0.042418625052884885,0.00040595112651278104,0.010631140346555875,0.06079219428858042,0.041399755549974424,0.032799346008181136
LogP,0.12961537582151517,0.12501273932477122,0.04306934231981713,-0.1598071618760551,-0.04007434827006508,-0.05244484478764133,0.08594377166861283,0.10502010562613201,0.23877262517653997,0.006112325447595018,-0.05342916806769493,0.008225737455517503,0.1847878697170913,-0.04148782707046289,0.053140379672161515,-0.09151141928479081,-0.026173265407733133,0.09625857413265818,0.018043415146042595,-0.0010488563334297568,0.06818143550681798,-0.022485137799192482,0.03988196193832262,0.01858000973742339,-0.01737498516792133,-0.06009215936069585,-0.023748960192440216,0.02381775327550552,-0.018122075819711207,-0.12962165890677962,0.016402119917436602,0.012904569487547283,0.033352020770073175,0.023409042295332246,-0.12323726900614788,0.045826322008741566,0.05522993250046599
Pgp-inh,0.11539752123829256,0.10066662956023786,-0.02547439117543171,-0.019830084566386484,-0.11858051987986297,-0.2520886116050809,-0.08270451889348901,0.01347565040933868,0.20333050889067317,-0.0965920756515272,-0.0362038731368893,0.04407095114679733,0.04919008063230468,-0.03296839099560951,0.07266938004231714,0.08315565227782001,0.01651040464420745,-0.006401430869557044,0.0581319604268833,0.03060635087602305,-0.05958099700836786,0.042119527609739,0.09242696197295214,-0.07450313682366451,0.02437008166201899,0.022171523034102573,0.17858068353108647,-0.17841127293179684,-0.14003697792911152,0.04016604933374692,0.04271417378720245,0.1503607681943011,-0.035515969636515696,-0.16014363326771694,0.07585270183536606,-0.24283293237530826,0.009675309497858345
Pgp-sub,-0.025732866646070676,-0.15626425225270718,-0.06669452712915558,-0.12160741351680115,0.2346455390681655,0.08965988754669804,0.0637286056527595,0.029252994716196065,0.1228065671805194,0.026980864534223548,0.05223240196386657,-0.04168894767390474,0.001789177250737739,-0.050889612325530464,0.11239058057650937,0.12075595947836748,0.018950603611606262,-0.09949487990210112,0.11798431285976207,-0.00830990426196987,0.004786388981834471,0.10808385145552135,-0.18708542420372057,-0.13390171404427115,0.0013966960728064026,0.007530696681986207,0.061269037545632066,-0.09716642581747717,-0.25639090079104254,0.1966412337099924,-0.19215320632001173,-0.014195769320965095,-0.13279075953626213,0.0647813301793658,0.02510248931205483,0.13861715102444677,-0.03284386497584758
HIA,0.0883210453156382,-0.10913346150973406,-0.07555098171577357,-0.032940559138305556,0.019999282993740514,0.08235272428885619,0.0314579422198753,0.01989179618117315,-0.10312002679799592,-0.2696415269072193,-0.24263502783502477,-0.0010578079030238371,-0.10409304607091888,-0.022437594641585068,-0.056529731581680454,0.004656069974063884,0.1429971767538783,0.11286221444769134,-0.20950810600523684,0.08615655370544659,-0.04207953531620581,0.04471923392557017,0.20651091128289842,0.033089276688263974,0.20819532567452692,0.15271886758030495,-0.07824060177576062,0.3244684693612897,-0.02146294575437785,0.007390138958610126,-0.018693582192723823,-0.03535800269878199,0.04244315244671308,0.23331254655554254,-0.14037638262192453,-0.11849128469919164,0.27698655202448713
F(20),0.07781065473144755,-0.1397492169276659,-0.07081445946781062,-0.15196720208472003,-0.06375076278978486,0.04044510615837471,-0.11955232568884683,0.1305151400564934,-0.1620170367203255,-0.06858756079311028,-0.1148109618504464,0.09201937873695787,0.015117209732224524,-0.13228904170596187,-0.20155914011724335,0.024397891844643377,-0.08749036988610433,-0.007115200666517375,0.013021556765234034,-0.09972781915718378,-0.10022100761797904,0.12160289929079968,-0.05366588227595824,0.09855076994104285,0.009382727887225616,0.1180622598697359,-0.013658266065564806,-0.07728275332206322,0.031292864569600364,-0.09464821354541184,0.26120988001547024,0.018034901713242762,-0.15012503932480997,-0.10866558289588575,0.07633780889898437,0.1780346238286331,-0.12601974167634344
F(30),0.10089483501932771,-0.05994996252963354,-0.13537301535008692,-0.06352567627214101,-0.07981999235347816,-0.052597317789225245,-0.1278522095706961,0.0964835483975175,-0.06008458093847244,0.0003043199398625879,-0.20395292348166116,0.04915862342534663,-0.08651451811659272,-0.2022741516228314,-0.09403313820407605,0.11664800435289086,0.0062362219152777565,-0.17345769502675024,0.3030501899147926,-0.07503102015379942,0.08222595956918882,0.013769562238424356,0.06916281084876616,0.14253104830284835,0.1258107371053541,0.2524944626878936,-0.11889619500149996,0.1404011603699831,-0.17532668883289027,-0.12155679638653813,0.1517583203096131,0.02620420021790462,0.14401692288785015,0.060547638459251686,0.10765720767984743,-0.02372134634140679,-0.09016231794237972
Caco-2,-0.1710903291192809,-0.005027763746995454,-0.12294558637737685,-0.14993002095304345,-0.14095678820206237,0.05886970857675912,-0.040483772679853175,0.016979684719983623,-0.06776987116723618,-0.027190201588279977,0.02673622440520751,0.019118172238226257,0.08603523539107427,-0.0697704755648629,-0.008042406454201054,0.03022231868366354,-0.05914741003508815,0.08967479499986188,-0.08368730070794486,-0.06372752995039138,-0.02047618318808404,-0.08284764174169851,-0.051575083488873866,0.07398533090087242,-0.16149392537377227,0.06712256261783409,-0.04169821330097749,-0.0073231165322186695,0.06640568483907057,-0.07023164979303484,-0.06467295697842759,0.08110514695342493,0.08527704360414173,-0.01612030624396984,0.08905113042468024,-0.0566263142518441,0.028388594066272706
MDCK,-0.008457379001941585,0.07417564450022905,0.05463719482020947,-0.03512494902608254,-0.24242312228064788,0.07817776636265955,-0.18053092458723713,0.06591829351867129,-0.1364356618975543,-0.1404971238939081,0.08804585995221546,0.11510488435534821,-0.03918461726061567,0.19840237822885665,0.31870983065354336,-0.2124960936310604,0.04795747706680466,-0.004110198526798919,0.12003259276214556,-0.12098177809143901,0.009216288696347085,-0.1165841488461824,-0.03468002625723626,0.14623422625435986,0.12984586899122533,-0.14643508269941857,0.04744343419562941,0.20208602505595102,-0.05695869190179424,-0.009103204714782445,0.13176127654744868,-0.002432997245387151,0.04344233015974978,-0.0960306235276642,-0.023670795612088583,0.07967177656824959,0.030531425866565064
BBB,-0.13034533746101326,-0.1347987806501813,0.11898096374612462,-0.010502659738940757,0.1065932849855348,-0.06817365360693328,-0.07366255468153787,-0.06733425922303453,0.073308199268688,-0.059486534631288335,-0.1657363357507867,0.02496498154303211,-0.06766948902889322,-0.15305038854597772,0.11285662588675352,-0.10143222385429133,0.05390959160921516,0.03474015774283658,-0.0654853953444283,-0.04264436496039109,0.10016921258115029,0.002431009335834745,0.11610367321218207,0.05111637242137445,0.05927641644311234,-0.012095475072226733,0.1446398820790888,-0.054862531364723285,0.029423941396691154,-0.016991176309199135,0.13059920900905728,0.14312914118413325,0.05115233284908684,0.0803886605317799,0.12997260301118735,0.06950040878187769,-0.15049118557553554
PPB,0.10334574868455565,0.16905780351874197,0.007075662048433844,-0.01794733463155072,-0.12399678507949054,0.1715882234573421,-0.004223020253933951,-0.0807951327396367,0.021106013058239392,-0.12133219304178891,-0.08153181452255467,-0.0518575735109599,0.11206191752681252,-0.009692720531495738,-0.006587571218185852,0.20971545833146588,-0.10005926936408464,-0.06615644383682773,0.03888421570430575,0.09845513340012974,0.11835505684302283,-0.05929493994094728,-0.11311483860017271,-0.04996978404555741,0.10030079082081743,0.04528931556570857,0.07391647814583041,-0.14512601153443458,0.15358511897758584,0.007919321449463251,0.08094256858807894,-0.08959967695222062,0.06752086105189145,-0.14984701935701691,-0.09110285934866744,0.03467534464270833,0.07942360698248249
VDss,-0.0721758342455598,-0.18468494649443154,0.13175576637500358,-0.09795370845499259,0.14859072974665277,-0.031614503922017534,-0.07292884372303535,-0.04786200586765438,0.08648350470938904,-0.022217079612786905,0.018131537241466766,0.06938381392654364,-0.06400488894706141,-0.039300208801687164,0.026968834719952567,-0.09313400650481549,0.00952469919220966,-0.05900025911618626,-0.042758889856750415,-0.005275230157780503,0.09744768032621927,-0.09359059677179798,-0.08208905606108552,-0.03318448803344967,0.07920955573139983,0.06567922461569509,-0.1888306097977808,0.00021569167799894567,-0.19970017760563205,-0.08348366669594126,-0.010597666940556728,-0.07712411571293024,0.050642375544857975,-0.12269799892871376,-0.1652570399581733,-0.20073607547375835,-0.15528932617191982
Fu,-0.07617014943812069,-0.17244815826129506,0.009046137192791431,-0.020195100715241908,0.1988276665689598,-0.17482115375153218,0.026640465223057436,0.0672168332028647,0.09331070672616298,0.018556684651342303,0.07987992537931028,0.0688863508734896,-0.0858055589250391,0.09465045335556761,0.03822436848266479,-0.19912099607138609,0.1390803909036905,0.03055510793861624,-0.06337440919527274,-0.11907386818044136,-0.08648381627444747,-0.006447562104899319,0.042465485100645135,0.023897477429518615,-0.13211592168028682,0.008713289174547834,-0.13003272599757923,0.14547941335821013,-0.09670420163163251,-0.08411590207784772,-0.14719525181205123,0.046393704556823706,0.06147747743062314,0.17102981909079004,0.09246767597282415,0.006340070478925954,0.0043529452500898624
CYP1A2-inh,-0.17173285874985728,0.0870165291387036,-0.0713468732608619,0.019241141271086098,0.10355572551851326,0.16560573046863558,0.06913387757779449,-0.03386175652372436,-0.05458390918733336,-0.06590516253025047,0.02336313221357167,-0.025910188662695247,0.003541780103979833,-0.12521938643387023,0.045647580323381926,-0.01989701758394441,-0.10426375008628085,0.06655711458811879,-0.04417977313210632,-0.06592884687030068,0.003151721931041563,-0.05007390910947265,0.13424380282653664,-0.05517989246074155,-0.055328856889908413,0.03712358774771202,-0.08536285257127013,0.07922419008333106,0.02441946952882733,-0.012863518005976488,-0.02583968785669935,-0.20460426374453042,0.03721429624507362,0.041454476298597775,0.1218374545021197,0.06762555830490552,-0.09204630051158344
CYP1A2-sub,-0.15357575658227587,-0.0030350159642190916,-0.07163455377858093,-0.1603921058036832,-0.007818167119259012,0.00843345765851744,-0.05658688835366271,-0.14057836097978138,0.003596074943720967,-0.2135315649441497,-0.033101096814283845,-0.041003420002251684,-0.032240107102726207,0.053496422599541765,-0.07228113769331815,0.10843570083439324,-0.0921210315492583,0.06473817375653028,0.12818558518924206,-0.08167396959702426,0.07813451913013572,-0.018683863494237327,0.12747403824910772,-0.1579357757755197,-0.01809354904999785,-0.185807659734343,0.04194376640203118,-0.03365590323255507,-0.13281842880493913,-0.08290938966250277,-0.008309236632250583,0.10531014921196885,-0.05715129542464763,0.011560174006306621,-0.10195839052487052,0.007032146322359781,-0.14165632324396998
CYP2C19-inh,0.08225646670794781,0.18893279143478164,0.168490241379196,0.016771334490609337,-0.021726554809111936,0.1995206232625898,0.02201907064809369,0.0018949155624022884,-0.04905825176369338,-0.024748605391694878,-0.03265395134692384,0.006911753147629124,0.05285928276747806,-0.09918356749408394,-0.0403321483141619,-0.04170335142810551,0.026493451158491655,0.07792488255000525,0.043088752067717326,-0.09877287616469371,0.03516496463888748,-0.1697380628674376,0.06465943811157016,0.0427502488364537,-0.05136791663824369,-0.01595867101062301,-0.0579763651381017,0.07117658233040561,-0.02196498231657494,0.05517621400217661,-0.06561032579913606,0.004106242424608608,-0.029479064125779053,0.028191125932312204,0.07113870466180501,-0.097108235843748,0.038790044555687055
CYP2C19-sub,-0.08126552945064629,-0.10568217824596236,0.12191059577142475,-0.15538776095055443,-0.1460491626419386,-0.15147304515192325,-0.15312699400601248,0.09985224915936375,-0.05525039898099665,0.014898073329072212,-0.11909044392475981,-0.0077546184833186885,0.01956157395024577,-0.0552432612367445,-0.09569290061847807,0.011368210353511737,0.08132525892455496,0.04406617701204474,0.12870780432008458,0.12629640169823564,-0.24166975092368795,-0.061777673821724374,0.07482746048087166,0.020585094193867837,0.028206191306019795,-0.005352254308375847,-0.041718406557673254,-0.148357886039093,-0.060152075122889274,0.14123965649367357,-0.17693395915243434,-0.04514606767918569,-0.027983327016931098,0.026631896378713583,-0.10477140077573073,0.05100281369522553,0.0033338953201030794
CYP2C9-inh,0.13150459542864523,0.1716507209007337,0.07152305426625052,-0.011062195454007311,-0.08844376609500725,0.10720895312153175,0.06942104315032982,0.024536842611284082,-0.17424894581063466,0.017475503289132097,-0.0005871243936288869,-0.021326675083145938,-0.015043608989412052,-0.04534539881223201,-0.0007647611900880313,0.07771218702569324,-0.002782879644713132,0.047561297907836975,0.05723327790925871,-0.12937154104071563,-0.03023699329576226,-0.1442001101414294,-0.06864436690123328,-0.05880513647756444,-0.0409898138579608,0.0604739580661528,-0.012290418747321202,0.030141852261018776,0.026042492912825524,0.08265471963427404,-0.21863896144705625,-0.08902360841153537,0.0020632487144543812,0.0851368127232624,0.1268009081324298,0.07281137591450682,0.06330037157193413
CYP2C9-sub,0.10932908050613727,0.14384373673875916,0.15689531018095826,0.1088806113854696,-0.02715175062315537,-0.016607043491420462,-0.02339844940547639,0.15664825886531514,-0.09434757311014047,-0.009370700918422237,-0.14337753893544286,-0.08686570647732442,0.16087659306084434,0.01425373149520305,-0.013153227877507861,-0.006947851605997091,0.05472618547147778,-0.03294784443150199,-0.005764676924097654,0.004946919974947395,-0.0483062034608029,0.10791158986050756,-0.049808755782164524,0.0186175916943878,-0.021911684459246274,-0.011486409747566637,0.06316131685275275,0.026693038770972972,0.008481784299525074,0.08361921746957324,-0.04216860281456383,-0.118285192162318,-0.108820257079132,0.12477072387154052,-0.10629829722755307,-0.1425273015233622,-0.004349817802183448
CYP2D6-inh,0.013944202841387275,-0.01510152978192069,0.02185724277451938,-0.09143332584692056,0.07882175421123831,0.3718609963539853,0.029954659814704875,0.03709720286280578,0.17064039300542477,0.06291717685812898,0.011892390054081048,0.1104725627679138,-0.0700644358137084,-0.15509471384745732,0.04329960413158973,-0.022291615017359823,0.14547645704305612,0.1564288775788348,0.28059670483406624,-0.03763946335268504,-0.08857808719182127,0.1564992855453408,0.05285450006642588,0.024056822428837554,0.16027243171732258,0.026699094578058864,0.04213286017721324,0.036580525974877945,0.3364520764503274,0.16963192251940823,0.07435111970690139,0.3670091456608632,0.22547622224229746,-0.03053837138836741,-0.030741745488324618,0.0026397696669395038,-0.05086131308473803
CYP2D6-sub,-0.018891824790203227,0.039196251217324736,0.2544096300869014,-0.06864602460703716,-0.00827280155723901,0.005157801986883835,0.014644211878430376,-0.1126354413694792,0.1465388468915457,-0.06358009063208789,-0.2069154671174098,-0.12766666499247104,0.13817897244344113,-4.1812195070600744e-05,0.0843980432409,0.17011146663468518,0.2795860980749751,0.0785690419630106,0.019892414380281574,0.18396263534961138,-0.14202153873182766,0.19159021543871646,0.04363967207048494,0.007549166502332942,-0.06134042499362321,0.024889504641830595,0.023980462583488828,-0.009280476400057414,-0.040333987229890664,-0.08282633607302256,0.13762124842618859,-0.10869758794284318,-0.11298969942831658,0.110029947708936,0.07557875872137795,0.042925867212174694,-0.1576275388733117
CYP3A4-inh,0.1373406876731016,0.1379963140426662,0.1223096623588981,-0.04123865532163101,-0.0068997082994313895,0.1634941348352085,0.05817375402602781,-0.013241624309076404,-0.11837482562099352,0.05558747511233552,0.058492962035626136,0.02344339208770685,-0.02562606944753669,-0.06202018846443624,-0.015923261650972506,-0.03925920061742147,0.022355222657988665,0.05470049310722691,0.05854901274082169,-0.05087808030809381,0.044720721628894664,-0.19978231580604502,0.12761077216392452,-0.031006946966094073,-0.05029436620791763,0.14724787694117147,-0.08748446173308355,0.045563610404355,-0.1526796332420623,0.03947309120046527,-0.15166815527779431,0.007885398921719224,-0.006070558362125791,-0.04244152118986268,0.08612903274078745,-0.0718582340261719,-0.11638505184873173
CYP3A4-sub,0.050043187361136054,-0.05698351629483121,0.27322824144236735,-0.090160542788412,-0.09741578649846486,-0.18401457732647783,-0.08215170522190318,0.02113634081329588,-0.11692249664722082,0.012652247731559513,0.013953417542663632,0.06578985541126492,-0.1155808169017647,0.0062509827902816895,0.015025095949850437,-0.00926323300584686,0.04907720802260898,0.1068684637808012,-0.08446249475057903,0.0002586956065463164,-0.01593466520280415,-0.025400752299798497,0.13973345174899543,-0.013408282338232408,-0.06948187633514061,0.015808780676445908,0.01246883118788747,-0.18229964260543063,0.054922505793330856,0.06928841815808873,-0.006991803486247977,0.07217903428722158,0.02882131857382321,0.12158712482873363,-0.11304667984579249,0.22208792206722738,0.20200575503745982
CL,-0.018456913217836952,-0.04319242619843295,0.14690883646400063,-0.03589136081978002,0.14112719239352375,-0.04979522409270326,-0.22377881177895861,-0.0959099570862157,-0.1474787199553942,0.12708109891720235,-0.1634932820513026,-0.07892780043039005,0.029719092591161997,0.08915153470918666,-0.0020235257343799787,0.01944223827583591,-0.009744012784694306,0.286188124565639,0.15399584679697673,0.04110043835913932,0.3613918940057961,-0.19448672202619705,-0.06194409178135549,-0.25162685024071696,0.02056841119663401,-0.03267436563529677,0.13050964067845194,-0.08719454658439316,0.06687889576883466,-0.11728095901883376,-0.12824418704482066,0.09579629895439155,0.0784575252646208,0.14949275916422788,-0.12241514467329344,0.038588338334578406,-0.02660094282539345
T12,0.019765658571269364,0.0166870432004224,-0.09538981733230302,0.31210663864141985,0.07009612113985395,-0.06548904450139324,-0.011554764929708238,0.14139216165770352,-0.10585536947020867,0.1435902510110749,0.014674929065990334,-0.015566847904615308,-0.09380529825013244,0.15786264090096136,0.01410713738861627,0.0013834807102813818,0.08460314398620589,-0.10083380807342723,0.06352785192860212,-0.0942296660931689,0.08383285762241906,-0.12867482688852916,-0.06188937018737479,-0.10167793887447467,0.1526322880066231,0.07921440978685307,0.009622678041370014,-0.08808886006130982,0.16988099505225734,-0.11260822601546897,0.07198176904402769,0.1591821079823396,-0.18237487666049434,-0.0285895781160051,-0.08735034776874387,0.02663029867987602,-0.11990019769343885
hERG,-0.05968737204208542,-0.1287156609502235,0.2000987829730907,-0.14172915071422995,0.06269490023581739,0.13862945114618605,0.030883699670008924,-0.14832912753895577,0.014986488973384492,-0.01886673365664574,0.019814254860119934,0.10671530021894769,-0.07949048914591231,0.004158842465035728,0.20732960738252204,-0.06828164449221197,-0.03951403801531983,0.0014064159321586778,-0.02375582979097356,0.07666060859915255,0.10872229646132597,0.019026642816330985,-0.08073420321626788,-0.0699438159894964,0.10713783809122249,-0.004617366880094842,-0.14099340847026987,0.05163135985825398,0.05979292349545613,-0.04343468197436129,0.03111293612124852,-0.09434539410999507,-0.04144663097195353,-0.18905807105125075,-0.14433974093523005,-0.14107959021768915,-0.1900208293366861
H-HT,0.011432505807199594,0.048447844946778826,0.24514705641417844,0.00011077072568233939,0.021251028047668808,-0.050710411271289446,0.15274710181179924,-0.05048767170777447,0.033941359840712886,0.08970036119530254,0.13181009452053974,0.12260509908571393,-0.21932167009773787,-0.04571348164515854,-0.19647712188235966,0.18946676043414773,0.07005048278872064,-0.0042790038220745785,0.13631829260312422,0.09703720951711534,-0.07740409502016377,-0.040515326572039156,-0.19252163160310892,0.12554975549148784,0.07663022956839774,-0.19787656117956925,0.09548565967372205,0.11223080702150462,0.026900425619856963,-0.09187752151839859,0.06278237603477585,-0.15205381821289007,0.07222508870981378,0.14963999910861686,0.2501543663755271,0.045300071186101215,-0.04160698060176064
DILI,0.15748535533470295,0.045988648264202875,0.1184346151503179,0.0559934965093954,-0.09660170919751573,-0.06835367171833047,-0.01122024338700984,-0.010128449986738203,-0.16117985243793453,-0.0875254265346998,-0.04331097277855313,0.08562704086659112,-0.10787130693881467,-0.07442510081764939,-0.022884606923975315,0.10082389885277662,-0.07333185055918948,-0.09900982352152876,-0.15996025671460223,0.03106367674286592,0.22346779819396487,-0.030046669351425914,-0.06743532020641263,0.025449244922244388,-0.015608918069598333,-0.12089523105041933,-0.0962546850224715,-0.10847666401835673,-0.03555751100942431,0.004837240601321194,0.018318063023382153,0.10905653006510581,0.07478029814781396,0.12661865816722584,-0.023585983640351863,-0.05581217032826813,-0.005780035953998189
Ames,-0.12049669579666111,0.05724480268535841,0.08284123095539632,-0.13034043540487036,0.0031582077737564405,0.12848039457981317,-0.1713417229053389,0.046113040203352725,-0.03519851595533062,0.14324474532790155,-0.03213959821468279,-0.09339168180086878,-0.2023217512147623,-0.010498412824025194,0.09735829167798507,-0.001356760246287142,0.18310944208924967,-0.1640040530827376,-0.014681317549361542,0.04693846735921852,0.06251821784029826,0.02714653610407114,-0.08439552147559615,-0.007978027691085743,0.04251674162688779,-0.10011862167185195,-0.23984261480786312,-0.1513533903825799,-0.012910925683835388,-0.2690797757704292,0.05036056629882747,-0.013001398730800945,-0.09766233335342747,0.04366836521728781,0.3144192093367887,-0.1718254138693269,0.08498135986536792
ROA,0.019899977912558174,0.1704643667720165,-0.09858094982868168,-0.0878704542392162,0.009475088182950663,0.11782909365484774,0.15606859034908063,0.051992480227612374,0.05461264665749277,0.1822084039057455,-0.026756576493707232,0.14705281872145545,-0.05700055814174597,-0.022410741872038963,-0.1533448110816248,-0.17039788164729042,-0.08660615012872364,0.07746015281850488,0.03799070860446189,-0.004892403952981586,-0.04635864704417293,0.023049530982101468,0.05303268803350297,0.04807178428900391,0.14336254247994634,-0.16442981637326284,0.1668116012966412,-0.10592281693385869,-0.07819553121244106,-0.20866029533885383,0.007163286522869447,-0.10584933743257058,-0.029968390103362424,0.24633385754742793,-0.2325146629061699,0.13098947887362475,-0.20538441914662126
FDAMDD,-0.04914101460188807,0.05358587157173468,0.09265771399724064,-0.06563799121961636,0.15001652993703457,-0.019601733638171755,-0.09767729439252877,0.11424444956174282,0.07018869793083199,-0.14748153855335464,0.10930938299848421,-0.2697072953231505,0.13306744491089476,-0.11674742544348186,-0.15712568361002607,0.035332742385192115,0.10083894067066579,-0.360047731492131,0.1373880975258153,-0.2308682054275491,0.058033409509196575,-0.22150850721371002,-0.09889025318706121,0.08227701835870356,-0.19689969572694083,-0.017503536296009092,0.07974642680635494,-0.014063028329104485,-0.1209819184343488,0.02448484321096539,0.12596063275409525,-0.0047365268363109,0.3005344480872595,0.09457630600372621,-0.20375898943188575,0.07043701266350086,0.0031841850604466815
SkinSen,-0.0026208119685290684,-0.052142413008626425,-0.07535311815875181,-0.058444088913639544,0.02098912077473915,-0.0051798444121062244,-0.09885040723322307,0.26716436418368555,0.17359448402273156,0.13174134371129848,0.004322774759571663,0.03141186330224856,0.3649735739283336,0.08898648695512687,0.1892800040748337,-0.043173373040662176,-0.11259114139370521,-0.1727111456671286,-0.2585472075927629,0.01654180738275117,0.20121577166823962,0.01446454234899075,0.04975427932392651,-0.10158407758321375,0.25339271575896993,-0.0059013608804260875,-0.0028181544194098573,0.08869524339352636,0.11895661110438893,0.1845580573982443,0.07725500567435255,-0.1412232663207371,0.05427784718158804,0.22099476369673754,0.19237940673150045,0.07041290760224017,-0.1336647662377451
Carcinogenicity,-0.07894961158457217,0.08117526712473279,-0.17438898494400185,-0.07113536596844279,-0.14182498777897726,0.056792611920011775,-0.10717405295300289,-0.06932350871392175,-0.16912482887318794,0.02773251601531741,-0.0768690629444352,0.049053711361371544,-0.04561863779303979,0.18287272257900272,-0.12125340969128784,0.03106913513479751,0.07301528610265806,-0.12732083431532226,-0.09525288442285024,0.16434157794772075,-0.028229291562678366,0.18877683138003995,-0.020780103056199914,-0.14663630631369695,-0.031950572966046864,-0.25375487443060246,-0.1459122878623,-0.06610892063913001,-0.09898299246267214,0.07417134281055335,-0.06923950461070977,0.011637243609629075,0.23878798172239274,0.15289277759200517,0.13866000407052026,0.11922538729150972,-0.08834177224279878
EI,-0.11374149501075685,0.12287890819069806,-0.13762269169686525,-0.0006687619141794748,-0.14266573806096786,-0.03814205650372892,-0.08292980797114925,0.004296042969007021,-0.04464552512551107,0.019932292099112632,-0.046397840340469475,-0.030254384433068344,0.056524496547645006,-0.00952752907091923,0.14394216763241505,0.023040915594283395,0.20394730144825135,-0.043533504998223546,-0.06512449314181484,-0.03913311524386294,-0.15260106332069456,0.030923216450237892,0.05235781851897104,-0.1751091107161323,0.0013212617534336252,0.26002619148367556,-0.009927606090202157,-0.1111567921517292,-0.016029915539917172,-0.15673857766276195,-0.16693236251504173,0.2076777520635748,0.15472767447558078,0.06668734279884947,0.07436903680749855,0.13365162902325342,-0.12166795984696344
Respiratory,-0.06632267215680693,-0.06662957593274876,0.07553757062106871,-0.13816583372156216,-0.15527191193419337,0.00567619205632151,-0.11648912761053556,0.1355859890846977,0.1060868641945701,-0.1415954870562789,0.16195679372456048,-0.08766156696756139,-0.1868601515199396,-0.04842643835822163,-0.22016200914208836,0.11583435515214752,-0.09035878333640315,-0.02407002947366358,-0.06882842181193863,0.026132038887759675,0.24369872423057767,0.030946045747256262,0.2752722566915182,-0.10643071136753982,0.04697686046796758,-0.026646399719520777,0.01252876862088604,0.15193542264518947,-0.0069260901647081735,0.12569212884250575,-0.010171692922227464,-0.13292845047889162,-0.27572416133519806,-0.06022801195217983,-0.010074673276265905,0.23559580662246915,-0.09138218615911614
BCF,-0.11361724588706616,0.14983247442132439,-0.010116207895788003,-0.051068230072490464,-0.01618035424084042,0.01094688339720537,0.04951955489800364,-0.19832579691676616,0.0021151384156345215,-0.024126389842076875,-0.16195804341743097,0.06976482933580169,-0.04151271105426865,-0.054442179792666565,0.13637307586960273,-0.12107023143050216,-0.01514034556824664,-0.0890290161051069,-0.03408787238860801,-0.04625936459804886,-0.008581963111063219,-0.0676419814277801,-0.0707464956659597,0.0775457423501423,-0.08927378396661757,0.24154987211410875,-0.24805908102801294,-0.24154168022128994,0.04967230310446866,0.29297392890929963,-0.09237329714917322,-0.18121506066471868,-0.011358434309297609,-0.14310437638948764,-0.0019640519025449776,0.10048090759472535,-0.058881218291320286
IGC50,0.07769610780751827,0.21055758040426156,0.041799241877184326,-0.12116090040288763,0.03865457848812968,0.0010385775726015638,0.02027121005830903,0.15044633177258318,-0.0108368125589614,0.12664287224577978,0.03142761410634229,-0.1466031068012964,-0.04327838657543224,0.05059803853153343,0.11129797420651019,-0.025651649990461593,-0.017087198568827993,-0.0026034360025126158,-0.038242019483806705,-0.1048924849390396,0.04296899263316424,0.0414994910899337,0.02187382358964735,0.02015565491054113,0.027478715539458548,-0.05326697692735535,-0.14206924701358822,0.0659496326229603,-0.09012156014372821,-0.01746498195883813,0.04253727207440641,0.09842221929829598,-0.08845675463575144,0.04148634727707601,-0.07196677188750769,0.000211577468365913,-0.10573466669674211
LC50,-0.021739751126202033,0.1697784066996748,0.17354175536731936,-0.15427087537573358,-0.03451385269443949,-0.005998014747041698,-0.07646293788459624,0.06866083285356159,-0.10445649219710368,0.018997556522561958,0.07767311370409472,-0.17097895676857008,-0.13206503945375703,-0.05340586124873117,0.09738291526449538,-0.0016669488956985818,-0.04456674177945061,-0.11715867328506059,-0.041126157915601286,-0.0359059078333184,0.011324706722826434,0.05099765209469584,0.11498497297603229,-0.05683574983260441,0.08047555030737202,0.06236736046275528,-0.171328715274654,-0.011420821766198547,0.18428519592115425,-0.04808437989264672,0.049358487618055474,0.08597097480473198,-0.22712460632518613,0.07124935663870996,-0.05746939903111023,0.006600713196541957,0.05484046588955265
LC50DM,0.10666731826724991,0.1477266230461359,0.029605360857877027,-0.05037833953686698,0.006081271459080877,-0.10189742528018247,-0.0453068848117564,-0.033379001983605126,0.031198644046532095,0.18140942261250784,0.10877091025883075,-0.25658699921080325,-0.048500495418264206,-0.020393380307457323,0.08570434142080045,-0.11066963517221706,-0.027515993850921752,0.07686213364897108,-0.014991887711737428,-0.059156841378820504,-0.1105997487636517,0.2811673383704737,-0.0035118186699361065,-0.02545658219796611,-0.13749729919550294,-0.019124185223281416,-0.11388231614598951,0.02189052875765926,-0.10313800762785533,-0.13536711182615202,0.11620649168907678,0.09478317226052882,-0.07950689820102735,-0.11042133801211229,-0.10811632275148084,0.04486279698989169,0.03788463497724011
NR-AR,-0.07719874798657489,-0.000673218991451619,-0.11594691469951895,0.07475220859317391,-0.19902004489964167,-0.022388291936623898,0.00989877396807124,-0.05587329505035611,0.1062148746094155,0.055304969166128246,0.02246141454058038,-0.05508704748794541,-0.007258822394014893,-0.06230607528349234,-0.09654320217437834,0.02759551948595338,0.4148318342800716,-0.13303455588524388,-0.056164715697211626,0.06652156510204896,0.3247450814040134,0.10384039503239575,-0.08507763807200538,0.34579576694982866,-0.024656549562826147,-0.0013199138704649283,0.06186323979382994,0.09387225393532478,0.22287950930517048,-0.1111151504851689,-0.2989702004333389,-0.015255006979965138,-0.12603574277264226,-0.1573575914757352,-0.13571516376684195,0.12580071947532284,-0.12965013123804187
NR-AR-LBD,-0.15236994581294178,0.09206438530546018,-0.14562365455971735,-0.08943921978404537,-0.030161853177944484,0.03017886492544996,0.024843865385388606,-0.1352681194508932,-0.030188442296492923,-0.007125887372910836,-0.0272631420560545,-0.0571646667369571,-0.06857467828499408,0.045689109572616925,0.009750794841365188,-0.013416764685082138,0.13906742289589763,0.020492064420233342,-0.05773138775047407,0.013797551630720876,0.1198556304583685,-0.017356274951317106,-0.10363497939429496,0.09872633744483528,-0.06520492292187284,0.0682140554107982,0.036689669347548914,0.010511104599856255,-0.09145652287790595,0.12621805053785182,0.2194088288688886,0.05108459794680144,-0.14167913466351326,0.22187233654834415,-0.1768779396059405,-0.23042177046288786,0.03428390471811331
NR-AhR,-0.010422072928050488,0.1917509182068323,-0.04346446596512663,0.03389172904222947,0.1327882841269011,-0.16911567635570335,-0.11181785477449405,-0.14881499911244483,0.10961061609812124,-0.17059994930594338,0.04858933357275207,-0.01557816079603938,-0.0388438164604099,-0.06869575110192766,0.02729593338169225,0.03751678162196242,0.041995150140717266,-0.01883472297228621,-0.0008497133004467111,0.15148414930830667,0.030377243077539022,-0.06275193188385325,0.22004872264124783,-0.011187732143027693,0.10971754437783102,0.052568774438787436,-0.06450484585816273,0.00337033342079493,0.05264440400764957,-0.04479668779403081,-0.09230850942379151,-0.00377772006564292,0.16053416402683687,-0.12102746403717535,0.04021904703117703,0.0872592241857703,-0.14456021642985128
NR-Aromatase,-0.11195065299232473,0.0661238371261422,0.05944578090454445,-0.19648006426998454,0.024604607286946127,-0.08898388617828507,-0.004148407476465767,-0.0027668861460700537,-0.010141992111427856,-0.0988193346456179,0.16699803406508285,0.0038542053018699243,0.013722937737020368,-0.19980476201278793,0.14999607399181064,0.18170788426557513,-0.12823643339755963,0.08308366000496534,-0.06863937418745289,0.18061886078984007,0.06427392524021788,0.17942191699953092,-0.1855652654109517,-0.054293550829552985,-0.09563779367822028,-0.016685196430739867,0.05837044209153285,0.14790126809306833,0.10066172977478188,-0.14181998000740098,-0.0006806409340487096,-0.009132919900254971,0.19824052956311486,-0.05634019078345798,-0.02996027380364108,-0.03841344044279334,0.18218146709040248
NR-ER,-0.04735054434549379,0.0649701098557184,-0.1411770468831977,-0.06674896902585482,0.020220637254686508,0.22986338226854763,0.09260544575933248,0.06726311514012755,0.15151424805302102,0.11955948210786524,-0.0006592092032961306,0.04392844058463679,-0.042216079933447996,0.2449366482871415,-0.008588061158317681,0.2545178367056262,0.22834076653158777,-0.005909226468063168,0.05481051217491077,0.08800998820818022,0.13026745840219875,-0.2125708144566961,0.2129289203446646,-0.15190809848653367,-0.148894577923339,0.04113259695110354,0.02706032951144372,0.0545245002587348,-0.1638269911349753,0.026055248398026712,0.081073318095412,0.1334133168739136,-0.14029206924484525,-0.06707145822336003,0.09049755088254127,0.0017656733224934093,0.1935456294625053
NR-ER-LBD,-0.010224251400719985,0.05895396356638754,0.01872083703028213,-0.26239401072687657,0.06600987562369473,0.09667805320372379,0.004253649887524153,0.13837116294498067,-0.03513645948999039,0.09136943817398455,-0.061333163250951915,0.03635885712871788,-0.09872910230316766,0.1483596111864904,0.1278306874558096,0.12695785849346242,-0.10735118202221158,-0.08342850535540625,-0.17324971176712625,0.23959350810903746,-0.21476356852594636,-0.17503271330929912,-0.03348338135121334,0.05815282898920167,-0.07270091994233074,0.2461361745952326,0.3288547666693581,0.06294625543160835,-0.00724127801571664,-0.2288615300007411,-0.08067825144762088,-0.08355776021240252,-0.03354585391398229,-0.10915367008189385,-0.04877554325790083,0.0755507134450843,-0.040653227067322245
NR-PPAR-gamma,0.03472752840357601,0.19298155321322472,-0.14858585199679888,-0.0667273271627116,0.017757542436577255,-0.06974123929204706,0.05038976703404286,-0.055927332727431035,-0.05894638425708122,0.087648175388847,0.08997894496362692,0.15899909246109886,-0.12199918188701916,-0.003138538290470663,-0.06053606013316252,0.048533661066209384,0.07395384540304226,0.07109278257002725,-0.03544750543705832,0.09066968599297058,0.07403211678823426,0.12061609705188212,-0.2013712959216068,0.004340449473367473,0.03641057041840304,0.18201442285221037,0.03342627479652941,0.02044431489602215,-0.11810645873227338,0.11358883041725248,0.12020608445706858,-0.05024689025575496,-0.02660443689021946,0.17532656835312044,-0.1330562835199061,-0.14440874268631998,-0.11003462123279927
SR-ARE,0.054913916831482994,0.2027422813853114,-0.12492329298569992,-0.10821442150418627,0.0669565989059245,-0.016956538578122404,-0.03156349610495461,-0.025872861111744822,-0.11005873590241634,0.01361249567945546,0.029918395076377505,0.19019317345668035,-0.044100529453482036,0.011713427518388934,-0.035897642266189723,0.062059254376782516,-0.0017090664880512769,0.03015095439319209,-0.052785240802716044,-0.08036958405267747,0.10815974637810225,0.17815506042074042,-0.0030669295316323314,-0.16764454108489732,-0.00757509262734668,-0.0763540408058908,0.04030009085299708,-0.04560199214260344,-0.009280785781250701,0.08840176813627783,-0.010943715418925887,-0.007973411510718481,0.17667186674368573,-0.07403938465144445,0.016935557611678156,0.02315640022402294,-0.05173879528643811
SR-ATAD5,-0.04306526991557395,0.14770321212729054,-0.06377404613354543,0.015452525766036418,0.25792287121415847,-0.10838884685067146,-0.012255851229188807,-0.1127213008882602,-0.0940602497160226,-0.07599833060359981,-0.012966501516805718,0.09798214214435917,-0.04631015469562551,-0.04881240338246427,0.03137792579579193,-0.1143307228235457,0.1697368842174131,0.0144400078443991,-0.13411984894684054,0.05275945554386634,-0.07107920712264335,-0.16063467689084648,0.008121285053210756,0.026612450765848922,-0.2435670684122873,-0.06631634993267747,0.06512189789294123,0.08091386417364474,0.031382574029113354,0.1245581468039674,0.3746044464376183,0.03157187301040422,-0.08229132931187008,-0.03861502208172503,0.024959879618308797,0.31272985308305057,-0.046767528895389265
SR-HSE,0.005908210392483747,0.1808033492098884,-0.01915154909742125,-0.06065403253560819,0.24189908792997122,-0.13288285240947825,-0.08712960224602347,0.14027223343603762,0.032284497548497645,-0.07331225561734378,-0.0053472705861425055,0.12399972655456531,-0.04211749310682247,-0.07561301896947364,0.012007295853357117,-0.00015044601205442602,-0.023869751491064142,0.023521367745574746,0.009401229894985534,0.033544165009469065,-0.053867102142715964,-0.23397097625263244,-0.13258816643345855,0.09417079422714196,0.1533847881564434,0.14765385043838675,0.04909990749969893,0.04385298840113054,0.04849106601653794,-0.08869941349549115,-0.07824465546533511,-0.006695195580620525,-0.09365113396899215,0.023618194737120533,0.09670018558314034,0.0837350892266138,0.013438195069756076
SR-MMP,0.034991209705703304,0.21703948623896507,-0.1370573132944432,-0.05395098916228752,0.08463204000121177,-0.05834059937182361,-0.06923428144215713,0.05190072952897211,-0.055939693124723466,-0.07131306903408799,0.11422874919487655,0.06771444836686696,-0.04812214282792667,-0.03379260427839961,-0.03498191651899791,0.06734032499477914,-0.13269274426672628,0.08042851975479025,0.04019429480582876,-0.07100097492001636,-0.06271688543647784,0.09507266585903437,0.07705016159273269,0.023743181019150197,0.10636115716198273,0.006060422899015615,-0.08521811721119038,-0.007716417458573723,-0.07649329378615144,0.0306282419754948,-0.027016307934117717,0.028384645653971263,-0.08306707523154327,-0.049742898480436316,-0.06496922397551921,-0.09352064057657779,-0.15930140612809282
SR-p53,-0.021041409286968352,0.16169682282223935,-0.0700605429616106,-0.07838108208429281,0.19182402178848498,-0.20086419114052032,-0.12613462413457902,0.06666882805059204,0.028482481853133287,-0.09921363531374879,0.011909965700778328,0.15680983471840002,0.007978618393611565,-0.12395516120586275,-0.03523417308370235,0.016234687913802573,0.03845161362654232,-0.025954671888145507,-0.02637438959264523,0.07306911968928735,0.13539556810089537,0.0027121279410928303,-0.1508428938724576,-0.0035530780035297783,0.05322969926907348,-0.09600097284869372,0.01282346001524208,0.15610547742700853,0.029599731875730482,0.1539203766338113,-0.14686884752291,0.21560186638759007,-0.15903208929566165,-0.056617257711159,0.09226268844298224,-0.09999773074733825,0.20450826798956895
MW,0.21376266905795205,-0.07934352692431464,-0.033814310161947414,-0.07198135750793049,0.0030089425289760866,0.006237118210556349,0.02460380515011718,-0.03893614061632683,0.02073692670383133,-0.023627635423876827,-0.01035854270946659,-0.014151601558593477,0.005455225333965035,-0.009961876368615286,0.05705183873217345,-0.01474420185429857,0.022460918059306237,0.03909617423866758,-0.07852054157598329,0.007285222212897282,0.017716909130621593,-0.010733898743114739,-0.033364982319062264,0.007986667768783616,-0.024636068491069262,0.021553767032321647,0.005376168279281321,-0.038119165719183806,0.013875991265784537,-0.045014130908533914,0.003724543735904331,0.05499458941930044,-0.02338084187618901,-0.006891564375370335,-0.0420591174759474,0.06025709596337275,0.002219342900834649
Vol,-0.0001961479233114629,0.0022999899004686316,-0.0631550843645885,-0.11638746540191557,0.03327208546711742,-0.14925625415082874,0.32894143510351753,0.1966615853234396,-0.0478251603329345,-0.2415803846122465,-0.06142015039503255,-0.205925887048102,-0.1408859811844178,0.20445805675033527,-0.004186715646911215,-0.11583104405539354,0.09143036532789807,0.14001925375688362,0.10233011453295258,-0.07663882557875575,0.04143807434786531,0.02971191171547266,-0.07074621642348933,-0.09996714918499389,-0.001358078391563172,0.005271711922577435,-0.05078413123687467,0.07995954496496949,0.12417445628688949,-0.012229442241757486,-0.11588411927829109,0.029914197312050923,0.08684881687901119,-0.06748463563832896,0.06399278652832983,0.03432209982209325,-0.06353081709318402
Dense,0.02919601690066567,0.0006227078348553593,0.07387007006491329,0.12542233253037924,-0.017688787358403995,0.13980522131698464,-0.3085690013707611,-0.23574228149699913,0.04365542743510116,0.23829987008165124,0.12131938886434683,0.15320871568892627,0.14750767128353529,-0.14895599655185074,-0.0036154452216444876,0.04109478914826022,-0.016890482739744306,-0.06411613471341422,-0.18199633696598935,-0.03495008986954294,-0.07071703378791354,-0.03559616805764769,0.10363487877234943,0.0738260788421555,0.006178203767195384,0.016410177635921123,0.05157069144874933,0.15425418169056804,-0.17522552206706293,-0.05106812652716641,-0.10834943503847927,0.14686632373825853,0.0011028512206815548,0.05189555750220866,-0.0938156580028755,0.005883543962832916,0.06797341703437725
nHA,0.1823698511417439,-0.13501652056310037,-0.08733293630813012,-0.02619625083784062,0.026181961925930926,0.009764861975271653,-0.04476660046623105,-0.10302151943841778,-0.10746543206837432,-0.06443032230960134,0.05386732094859337,0.0312437126353357,-0.036090754026592925,0.01188186952789386,0.022759628750659285,0.028327022494564803,-0.007137431465403923,-0.032332429576329015,-0.0513182768054353,-0.0033153479862650993,0.020545587609314603,-0.05325000936065564,-0.0338769005964108,-0.014356043394677852,-0.015270274779738455,-0.008110907596426381,0.004562163144757901,-0.07318345521699651,0.028687607035930873,-0.06501317164554864,-0.013774257312876133,0.0314250891807476,-0.042021863872989104,-0.026035562343882664,0.0009800448007912053,0.05998186737079419,-0.03161208170466047
nHD,0.11115565996088211,-0.08289771249073896,-0.16801657050777247,0.08318473698514242,0.17549747053719386,0.15378746590786663,-0.021621446768805706,-0.023543680038126083,0.08211969361100115,-0.048164040334682495,0.11636612079821901,-0.20483225020619888,-0.14859562621159128,-0.06372972100966193,0.021275687303215975,0.07491101763169716,0.011695972729963004,-0.09949805145622673,0.04516986718214226,0.10635626405898224,-0.06742440083907117,-0.0032970028590661657,0.16233120732761175,-0.05780364063656833,0.025174774262359464,-0.03286123049537869,-0.013901162200825642,-0.0679711992407085,-0.04710898926661535,-0.08335898998083777,-0.03965698355873242,-0.11550854739086981,0.0675791045652058,-0.019345785647539922,-0.07709713477918748,-0.0682432228752926,0.07272390255643968
TPSA,0.17932062940866839,-0.12433547961154158,-0.11793467200582503,0.011859831644111692,0.05402549338556337,0.0559143609947481,-0.03585564293082196,-0.03835248993833598,-0.10683698391681294,-0.06163142474942588,0.1049608904207877,-0.05518459692429085,-0.05595421110563153,-0.007568739582726987,0.03664718226254831,0.037627768883291536,-0.019195668991281112,-0.06151987334024351,-0.05396594510510225,0.004438690330910832,-0.009016400232965325,-0.044652282617170705,-0.009220689119606218,0.0036811245370102497,-0.022277893025208773,-0.04012457660318261,0.01851543795377993,-0.04027578672182364,0.01171771727468035,-0.0819052837838817,-0.020216630302432974,0.012090424609121938,0.00033712017287085977,-0.024576149688593063,-0.05075881945031603,0.03493345687096499,-0.003786970514031679
nRot,0.19635598848241403,-0.08678687167806011,-0.11305975234351846,0.02217763124369275,-0.01385198226455601,0.00748710545506142,-0.018424908089137826,-0.05179839009253049,0.05744133920486689,0.008445218853276041,-0.07947882493547079,0.10017842848866523,-0.043638723489771054,-0.03943909502560671,0.09150233431253878,-0.026360959540377527,-0.01682317645244861,0.08623258294586521,-0.02813444468769933,0.022210969135822038,0.03727686408557679,-0.047185686185191346,0.00022775490904992793,-0.010899601131648142,-0.10348798777534107,-0.017352332332123126,-0.012132473912826593,-0.051791343825382655,0.017176036183070946,-0.06625020904846993,0.03986161241055428,-0.011817662784879113,-0.09245404165655921,0.03407106363266659,0.0069786967189166965,0.05580945073917974,-0.013533716049713734
nRing,0.15044826113285573,-0.04859714253772331,0.044996102228730774,-0.1979500288367037,0.04466437242177454,0.02818932090620888,0.18051054859247018,-0.15176931324334464,-0.08427858613044466,0.03251823628181383,0.10766841470963197,-0.05378311419367112,0.08779082833321135,0.04756037325925655,-0.03620313543630341,-0.04735956425049789,0.10545499007003008,-0.02552357524946632,-0.14416136454705453,0.021347592666828837,0.056325723720827094,-0.023976353781983824,0.025227158094578116,0.05505557656521435,0.13715381357698744,0.06715349322809311,0.036123004538561924,-0.037592009101726505,-0.05341054126130382,0.04700125671162511,0.006815444164206444,0.10683112067223852,0.07938449946399523,0.009487623236800857,0.1122495450152902,0.003931389683038599,-0.08082388632541614
MaxRing,-0.02246536866916389,0.0321201519900828,-0.026905615308155006,-0.1541271710873844,0.09220238034067402,-0.02287846878927845,-0.1428124065866685,-0.19659856328399977,-0.12164775024359228,0.14654166720852022,-0.16623797721009928,-0.19964559882418229,0.07728634089812436,0.20025147280046793,-0.3030959049107728,-0.22786650168311864,-0.0800162209871476,0.002252059183939833,0.018896143580716424,0.17812438367129171,-0.05504525112972451,-0.10691432558513242,0.0827860926121739,0.13936651710931422,0.09696504550061207,-0.1490923633780595,0.08812602723597347,0.11992541011656406,0.02032962971467279,0.11657529743123377,0.04052328911301284,0.05275749021814189,7.269314215740952e-05,-0.27408581073574606,0.18140203029393975,-0.13753362421421664,-0.028717516692886857
nHet,0.20274191800442923,-0.10452909805928957,-0.054843909930303816,-0.007456143648816503,0.002834680761609127,0.024233722031877524,-0.040393978589265564,-0.08830481537639942,-0.05825802877179323,-0.058931209719504406,0.010694590531877128,-0.030098441691846643,-0.08190677479995122,0.010921602877578958,0.0007992518032673181,0.02529168852010818,0.021645592741162314,0.010000865989665896,-0.07296863618638251,-0.0412197009467833,0.009980654834677517,-0.007237330176882229,-0.08320977440542797,-0.04797002306773183,-0.01834135511300219,0.010416136272639778,-0.02873410651301177,0.016107148818852658,-0.0022045213872047137,-0.035440490000996056,-0.012822913061306587,0.002377746298790284,-0.02416432427107774,-0.05215785574319137,0.004003615293283955,0.05778127124849427,-0.020006324922500922
fChar,0.017846933537127768,0.0312631390871687,0.015270974119982442,-0.1935989706220086,0.13373107264285403,0.02684757927288522,-0.11268978208711064,-0.07496276689309064,0.015383822804400017,0.08196907073462212,-0.17425208484722549,0.13408229870801852,-0.21110033805245149,0.12133895572298073,0.013785339448382932,-0.15075901798612715,0.03232304053081003,-0.17503642064962333,0.03325525883150193,-0.3542312014513723,0.1544142144898033,0.27450575242054215,0.17445880021602803,0.04166300720188946,-0.11645032332578897,0.10038244340402899,0.3464681412003131,-0.10423390099644286,0.09688162578303189,0.021788206069643667,-0.09190519699522998,-0.2733263874700922,0.05497807000017735,-0.019568643057767607,-0.008019251602441352,-0.09251034889308928,0.22689004866926077
nRig,0.17972313094722772,-0.0432268662810105,0.08420554219787642,-0.14959564795547126,0.04004769621615489,0.026016351384371826,0.13728093377339615,-0.1057585754637222,-0.06938540254656589,0.0039011093620453523,0.10563635558964521,-0.040304204228647694,0.06713038001161316,0.048144902703050704,-0.02114964715732481,-0.045594492554309404,0.09808279556535739,-0.04842159656624508,-0.13370784582260492,0.011724456519449467,0.04777206828830398,-0.017399077318391642,0.00541528450339606,0.0651314324698021,0.10138788660759955,0.0410210051137445,0.048175021481792396,-0.0811137350009393,-0.0510183777931181,-0.0026827541453126116,0.014558729587052892,0.10495554140467055,0.06504763985028197,-0.0018550557090793555,0.03210343745786286,0.022063475783289998,-0.05146329654437365
Flex,0.1797806466369932,-0.07978251949461286,-0.12503249442933684,0.05903741075937995,-0.03339169987632968,-0.01061394190411183,-0.059742713818024505,-0.0027752721096996444,0.10111715570390438,0.008571026797120922,-0.13157253353212164,0.14670010278041154,-0.06689750128414156,-0.04350158027592264,0.11118942581604556,-0.002038420502298974,-0.030846505383944435,0.0869263427167912,0.026613888923336854,0.02086861158037606,0.032120030394079055,-0.06155199118968502,-0.020244050234832098,-0.030421262465176444,-0.1723670643648363,-0.06673714579698534,-0.043772754378994354,0.00960721407638894,0.04317721009313545,-0.06662342101722832,0.010981559205083563,0.0038394112600073083,-0.10059526156703,0.023077265852031514,0.007027122108043071,0.04906897214819817,0.010106543757876573
nStereo,0.09253238423102537,-0.02642194491227876,-0.13274617676590633,-0.08945524857225166,-0.052745778730602384,-0.13938135616773878,0.027478744973127193,-0.11760378939749425,-0.013434595198399702,0.32055479268971127,0.1458005514242128,-0.16804932474911446,-0.08232303852145162,-0.20545058700753438,0.13776718597072132,-0.015018531257844105,0.06504130450713877,0.034624708790702986,0.1711636370650127,0.1024668424545889,0.07195051476314167,-0.11587953279206215,0.0851202945434237,0.002971756884013242,0.032437229300393666,-0.009430439846636104,-0.08502035440824,0.01976095488754169,0.10734086813438744,0.17670556066476104,0.12755048959267837,-0.2051564675764085,0.05774059789477212,0.0586608055794216,0.019160785024576146,0.10349505087446495,0.16015697397798612
NonBiodegradable,0.04092526449205859,-0.0017306772254322875,-0.08725491273760927,-0.005705684494065619,-0.16993379659811148,-0.04471696578088063,-0.2104978182414721,-0.2713530580454556,0.16870683801280303,-0.09856040071231702,0.046852992482766274,-0.15690607123371253,-0.10254999723476159,0.2671641559456592,0.0705843642109194,0.002312700726105855,-0.17557350377861408,0.02096046348818586,0.12794613611136482,-0.03184912221349887,-0.009461239733301985,-0.06529783727750571,-0.19673945713820007,0.0011562222160435656,-0.05657432514395587,0.18600119033207138,0.019438409368875136,0.1638622181165206,0.14868687873248077,-0.06466200510981539,0.06648797073625617,-0.04084162762136824,0.0672116682460202,0.27597498012050603,0.10541365181447812,-0.01858056184943188,-0.05316999359865751
NonGenotoxic_Carcinogenicity,0.12904927742153272,0.10795602979012885,0.08873107831242445,0.13556179670634436,0.01713252309925824,-0.0321063929336775,-0.07853193986514295,-0.01841634167429951,0.20201120122197871,-0.009267947098088623,0.026194508433165283,-0.1373091127205919,-0.11597421848705926,0.175492366287685,-0.05766853174443715,-0.1008199033923523,-0.12784921454356687,-0.02267385112113806,0.06711613948291702,0.14357893410289993,-0.02346522790316731,0.08130224887316867,0.007079573027533717,0.006389985837818225,-0.029502634087631444,0.22498296830892817,0.05282502991775011,0.01868617901901816,-0.02587129206969134,0.1603937626558883,0.03593170502410292,0.04690539277603904,0.006258506505401787,0.028840040136437078,0.03003411244762272,-0.05466308451570837,-0.05358478686930123
SureChEMBL,0.16384532095045146,0.08949215101405354,0.030442995634725138,0.14343776594262939,0.057156992873654104,-0.020627558983627742,-0.08327703686150179,0.11847188726120375,0.060420694142310674,0.08601290901272912,-0.1214851620116665,-0.013299761129195571,-0.16674547637540604,-0.07400072199757318,0.01792670338532503,-0.07080256596827186,0.0966751935133574,0.07344443032469815,-0.010308742695971103,0.12258686441181119,0.005378432441638256,0.02780840621222386,-0.03997695001369578,0.042402785030460105,0.004491493671137756,-0.09660155801423038,-0.057357553508794526,0.01790922861870056,-0.10863164407291209,0.032158199695770384,-0.14359415950088672,-0.0840191720977292,0.14858807903131133,-0.10815034708747329,-0.020603642048052054,0.029503380036783336,-0.042313358764764226
LD50_oral,0.005538283883169111,-0.0469966790057141,0.019685676842344357,-0.1035230588004076,-0.03995388810700387,-0.0195170810329727,-0.090188626200876,0.1589222230299315,0.15971393676109122,-0.008981777447257137,0.32894140612177886,0.27363615474444025,0.043541688973643695,0.20499583434708543,-0.3057010516265673,-0.06738652363870873,0.13614668200357183,0.09804629520357168,-0.043513871736570675,0.08958745870811809,-0.004866972393316835,-0.09843236806603596,0.06710398557112843,-0.024471107010432556,-0.08959294351879202,0.15336794115036054,-0.2409683694581371,-0.24449000706701113,0.17439787797723735,-0.06236182802019548,0.14746949756570696,-0.10767490672263444,0.1356268937117134,-0.010953460380725824,-0.07553680376056143,-0.1340513738288725,0.08218676323776548
Skin_Sensitization,0.11745423967593788,0.005075213987571795,-0.04809174628667051,-0.02381431069036688,0.27737606234443163,0.0653662948841382,-0.1014344512213378,-0.17238969544365504,0.023060249902858876,-0.17290301086110388,-0.014883080886346765,-0.012522469579171192,0.13050462877425023,-0.027723652022750445,-0.08322324053495472,-0.030964639735889858,0.033977264719522,-0.0435143623562166,0.13087874369238386,0.0379357911702891,-0.1018871403852328,0.016471597796083197,-0.04163694722788819,-0.01888564510232327,0.17097708305320178,-0.028871279470471092,-0.1302398565227465,-0.21302810736976255,0.17027012885457235,-0.0471339989986784,-0.0668871124020836,-0.08046030431350837,-0.24943252691335088,0.2071764278271757,0.066382764513047,0.028543466027001696,0.13206780582040606
Acute_Aquatic_Toxicity,0.07733608298298292,0.0386517418903089,0.0571043064092548,-0.007420411605144482,0.011115480173039571,0.2147085892339829,-0.2501424676504683,0.02074963393203612,0.237660508124199,-0.007452577979727074,0.06928598368821869,-0.134596688503329,-0.11015320694983453,-0.028129815711829903,-0.2594928968955384,-0.11853558449036677,-0.08914592387355905,0.2019367919106726,-0.19749603461209136,-0.10613395382542218,-0.0005875387203863672,0.1066661554594715,-0.20899564230989887,-0.006890319551346907,-0.12449359776654857,0.09527473254587826,-0.022093329886745085,0.06324780387917553,0.010048166070281667,0.04513667730547773,-0.1375002293003719,0.09279878345246412,-0.02585437068980681,0.032391553655851994,0.10377568411127179,0.14132645942602148,-0.05617672581676014
Toxicophores,0.15920841171839298,0.10546958398719691,0.045050476694886286,0.16007692575196736,0.06757402502329525,-0.0636589800748878,-0.12532895430878,0.06528776572855037,0.017394153149127043,-0.018631314974790904,-0.03270952709633477,0.002832706785561553,-0.10303617593337472,0.1124681054956849,0.03353128932951559,0.005844596537624317,0.08015637243435517,-0.013010834165768061,-0.031028610925806402,0.1386163048992936,0.009551228944031251,0.006721278678175033,0.10476022996660031,-0.033682446232875494,0.08528481102705035,0.008851039715379351,-0.004957490215834941,0.022688541016290042,-0.02338362322185059,-0.04283970752523482,-0.013503988336616292,-0.18090428327019026,0.21284234340158553,-0.049913817926866055,-0.09265568919752304,0.037508818217269244,-0.09918405126139228
Genotoxic_Carcinogenicity_Mutagenicity,0.02549030049119371,0.004852223485821745,-0.07001822109544889,-0.09275105914008618,-0.08478894773914211,0.14176120219525495,-0.2598743435704136,0.0634461104488277,-0.05142471664653635,-0.24277800414217396,0.27713197982790905,0.04891530471928701,0.026312105622843255,0.10227457328333989,0.21823871695736521,-0.11676660954682486,0.20403204957806503,0.039102976520517585,0.175324583769948,0.0776843050923268,-0.15092965719632173,-0.006460130387997455,-0.05967448073726051,0.11866158180478646,0.09356776858514479,-0.16999907299533462,0.12139260753061226,-0.07524010273762502,-0.10030783630912293,0.12666322166027977,-0.10318073023115343,-0.07654186688416895,-0.09293335227848096,0.06289993607494501,-0.06132727906711628,0.02788222488856885,-0.016782617330329486
QED,-0.21187337881915938,0.032272005647452424,0.02714045685518584,0.027542749162069495,-0.031976680274875394,-0.04057969475458829,-0.0033771721130000437,-0.03534253006814203,-0.004064517750942711,0.03561816966602763,-0.03663205734326022,-0.04628315582162561,0.026255391810627738,-0.015236688308607135,-0.09083559946606926,0.016989106453554066,0.035523655988529974,0.10594269694426064,-0.02183666376583222,0.053849158483746,0.0039574216871061385,-0.06594638909188132,-0.04093268893250499,0.013793498465927721,0.08729027933380731,0.16490518131504606,0.004851318543036158,-0.05430014687079637,0.001588938242663887,0.1158847054826126,-0.022387082448122167,0.06793939211929556,-0.048255979436052227,0.1139200537880273,-0.17797032504863583,0.006341792317933791,-0.06816213097941881
Synth,0.14551339597497515,-0.08057462616296471,-0.19400374595213574,-0.11298847079518963,-0.06400873027828125,-0.12201019558525716,-0.012537457315672806,-0.03207947869283968,-0.03478346270074433,0.129043720006466,0.06637279159787589,-0.14475938002372868,-0.04444847125875567,-0.11651409476898643,0.049514393488860685,-0.009902151119523155,-0.0019531916726393747,0.03972385709188424,-0.0010700612154094097,0.04903665785524947,-0.01873446517945522,-0.014139746434007464,0.06669304235330781,0.02014623341010975,0.03796805128758397,0.00852983440562739,0.008300968190017187,0.035013696589138436,0.010490419101558152,0.12468627326879776,-0.010778919455707466,0.025040716173290685,0.05077549193319203,0.017356563777184697,-0.042171405321692494,0.04382660912564364,0.042108222291482277
Fsp3,-0.009671348719889247,-0.17744480700597348,-0.09665869469033209,-0.18395643270884812,-0.09549848206420557,-0.106715708051592,-0.05331849184452999,0.06518496423466241,0.032220362225014475,0.21660948888733456,-0.12330216966666718,0.07318169205937124,0.016923863994127427,-0.010694639319235274,-0.006016370108786425,0.0006210664497782583,-0.03949145037967993,0.10455584411113499,0.18774303952794313,0.03407259379738348,-0.0023213465688155365,-0.08822657912923697,-0.17738308854947926,-0.03643769862441097,-0.014452184889266098,0.028150940093543894,-0.08412105801307004,0.13480792995204902,-0.09085977073901505,0.08453909328231027,-0.08707810088629044,-0.09184402603780192,-0.043826421168079985,-0.05995133441119602,-0.053620818443336035,0.009501604387997943,-0.027787208092134946
MCE-18,0.15320802212826998,-0.0861961397687379,0.04280227441599505,-0.22069031252666943,0.0014649018892305284,-0.039377552352894016,0.10766769019847061,-0.05597325276959857,-0.0830517093070905,0.004060851975069454,0.11000204948767736,-0.12693159619775457,0.09820076306104976,0.05588512999019688,-0.04687572395386161,-0.010990971200750505,0.0570507609130156,-0.04626918852483057,-0.08643169639086785,-0.032530101551296646,-0.000838484181493182,-0.011346143043829679,-0.06376718014518729,0.03145363420526189,0.15570734535668598,0.09543989763920127,0.0523387176542197,-0.0218741365164814,-0.03897416855026729,0.024376303446656644,-0.04345068944839319,0.0922548705847448,0.03147231216275376,0.003250513816140506,-0.0362907592193934,0.03221683507531405,-0.02100954674062558
Natural Product-likeness,-0.14536529530368178,0.04094765507008864,-0.184693446529661,-0.07066568739052426,0.09957259076456415,-0.043337723044354806,-0.0691057355906974,0.11728129970437173,-0.08964811457913407,0.13535435155623607,0.03445570492567604,-0.15843813263762344,0.05084374304285182,-0.08337614794272882,-0.03652848295802827,-0.06731500710111009,-0.08751639348002212,0.018944408626337124,-0.019481423668235714,0.03835372719270509,-0.06754450254647476,-0.02043920526885149,0.06337693294795761,0.10821290044486856,0.06429312423206032,-0.06755743067103176,0.05703749591056503,-0.11885966959996505,0.15286310689358865,-0.16459668035831146,-0.08097841758026847,0.0031873941476921325,0.022338450920512204,0.023800039615196958,-0.009970460370211931,-0.11121111622112131,0.1162910478018328
Alarm_NMR,0.07331917655024807,-0.008506151707115958,0.0058966433355012796,-0.03495188596666507,0.22818687684180014,0.0340544755125991,-0.19634487297053324,0.02189142837385512,-0.1931067323794715,0.09442395736848118,-0.0627016820028387,0.012943558265592257,0.2796810846782389,0.13009120817721337,-0.05498467362586374,0.20280238667838194,0.19629372567998693,0.06299384810867031,0.06281709434632747,-0.09662293506312937,-0.08430928953223008,0.14033989006398523,-0.0554652893330706,-0.1430080432599151,-0.12051941207640796,0.009631760440669629,-0.17445108684265193,0.2688952644647059,0.14610066851445044,-0.013716204995743454,0.07075748894974668,-0.14193527764184616,0.016848879658955852,-0.13536827117626643,-0.17463398817266798,0.04160210860511532,-0.05548276838047357
BMS,0.05913686851776466,-0.031062520640070392,-0.12012140015182762,-0.03143972071055395,0.04482902918389908,0.22779186713044497,-0.09426460967855192,0.2850532260211109,0.0491456014987338,-0.0929961503627149,-0.2389770251641276,-0.17395587440596041,-0.08660285670686085,-0.08145716786381013,0.030318200511321374,-0.07443205594382443,0.01340962175699523,0.08626261988690212,-0.19375744133925035,0.1619737811027476,0.07391554307518253,-0.09132057208664943,-0.17534789076925245,0.12647564916036624,-0.1274350731547584,-0.12146270601535392,-0.0309765285243556,-0.1782539636046266,-0.04219207918972109,0.09783073246587289,0.08679972775715107,0.028069578806499074,0.10076298761970814,-0.018241698970902144,-0.04031848775170899,-0.06969301664513376,-0.01054427398267965
PAINS,-0.036500449919038065,-0.0315376384766181,-0.00447480668948731,0.041414660520646365,0.1478018529214907,-0.06459239911846075,-0.07134402883719113,0.018827927743999853,0.016309551308953774,0.05345895413790594,0.02721626937425237,-0.08479926482471543,-0.0009888751319004309,0.2315614493521794,0.1258460534655542,0.45227130240314456,-0.03766412877853038,0.3781952736607818,-0.0945692248043993,-0.2732416175316599,0.07144840640433722,0.03086774849693373,0.06724187249251469,0.4815653104671638,0.1261207414893586,-0.022915676660490457,-0.08035480219884773,-0.18225752133519751,-0.1028388260231964,0.06860674857029338,0.014735801997285844,-0.06347405380350228,0.06420434272967412,-0.04125404382062031,0.0971578432050899,0.03322865526799969,-0.0013592213171391108
Lipinski,-0.15567953284104952,0.06502842784666461,0.052406594085574056,0.06278060691807275,0.03164818775170114,0.07991055816669562,0.05319953768966994,-0.047875591369821315,0.10061050912328529,0.03665228073798929,-0.12173255040910705,0.026962962318990202,-0.04906668342215037,0.16095916130844784,-0.050848131036177704,-0.05816914317083611,-0.10529658476281871,-0.07676331318216238,0.032062651953433295,0.050550613803919155,0.026912225525640016,0.07976330188496727,-0.1662075633496563,0.004763380714123237,0.310702350087688,0.06866149808025994,-0.17128689222292914,-0.011190470165716726,-0.22873298702901568,-0.056977166689348505,0.07799204695192954,0.09774055698055284,0.08303993923064391,-0.12528295217122418,-0.1282885945607375,0.4032542431438143,0.40600293552993033
Pfizer,0.02855140387794693,-0.03227175614460934,0.05239761027939159,0.027868427483422473,0.15070842765698111,0.06280824145167042,0.04776792218961639,0.08158094305439234,-0.2049845003557741,-0.04494115820359572,0.07972239164357027,0.09204326785524329,0.16439551011840783,0.1277329426042611,0.07283947542409559,-0.09565273255520675,-0.22012487830744026,-0.07066822564432186,0.29444811190827885,0.37699195477359204,0.2698069496466137,0.22745554605163848,0.16332442652846324,0.3092475281295836,-0.3023005505296501,0.15223681406919068,-0.09194883789411361,-0.02078610228507223,-0.05424086269566456,-0.03874219601291351,-0.08891281591942694,0.14949702680784752,-0.02191962066160756,0.12426941877894782,0.04263063932819661,0.09840091421384403,-0.019562430844881296
GSK,-0.08092677295640059,0.014625994680869834,-0.059634524997756864,0.15145632744208232,-0.048436607652837416,0.042485866171058366,-0.039134727619648285,0.017194525958591087,-0.14737480794928712,-0.08121811952094402,0.16591271163697316,-0.10732433373483817,0.17574580323922007,-0.17346375817826992,-0.051370383131876314,-0.24722823167069002,0.17107677276263897,0.3233024888908577,0.03517837685268316,0.031948282222919434,0.21566177461780836,0.10419741955472225,-0.05914329200819969,-0.12902762185183025,0.10882213354132997,0.2102406383275447,0.175518947383619,-0.07679015744414178,-0.2568343670938214,-0.1694952317749201,0.11787567218640976,-0.22713982363379245,-0.023224663925784844,-0.10567700772593702,0.19366285188008808,0.030522850872174906,0.11095673163553317
GoldenTriangle,-0.18663571302421245,0.05381804878277492,-0.1192143247624978,0.026006104607460695,0.01887847960789997,0.0636348593209697,0.02866061714013092,-0.08900138029643076,0.005382860132985807,-0.006350634936277553,0.011336323242469358,-0.07691850396365472,-0.04462202983410141,-0.060374119413315636,0.053517283882423515,-0.004911360929208226,-0.11256243752494444,0.10149700809378233,-0.03880814960420807,0.05981194507554129,-0.039953453147982515,-0.08168373758309205,0.1226931139280361,0.11560702927209812,-0.007856130920370907,-0.0702039247702754,-0.07256313656991792,0.022122450705969604,0.04971780969532381,-0.037243875881188014,-0.020747855826966425,-0.05670717516703718,0.044913373777865195,0.09046780726973162,-0.18411219390033884,0.0140141141249977,-0.06189538800969073
